"accepted_taxa","accepted_rank"
"Abelmoschus esculentus","SPECIES"
"Abelmoschus ficulneus","SPECIES"
"Abrus canescens","SPECIES"
"Abrus precatorius","SPECIES"
"Abutilon","GENUS"
"Abutilon angulatum","SPECIES"
"Abutilon indicum","SPECIES"
"Abutilon mauritianum","SPECIES"
"Abutilon pseudocleistogamum","SPECIES"
"Acacia lunata","SPECIES"
"Acacia mangium","SPECIES"
"Acacia mearnsii","SPECIES"
"Acacia spirorbis","SPECIES"
"Acalypha","GENUS"
"Acalypha alopecuroides","SPECIES"
"Acalypha arvensis","SPECIES"
"Acalypha ciliata","SPECIES"
"Acalypha crenata","SPECIES"
"Acalypha indica","SPECIES"
"Acalypha paniculata","SPECIES"
"Acalypha petiolaris","SPECIES"
"Acalypha segetalis","SPECIES"
"Acanthocereus tetragonus","SPECIES"
"Acanthospermum australe","SPECIES"
"Acanthospermum hispidum","SPECIES"
"Achyranthes aspera","SPECIES"
"Acmella caulirhiza","SPECIES"
"Acmella uliginosa","SPECIES"
"Acridocarpus smeathmannii","SPECIES"
"Acroceras amplectens","SPECIES"
"Acroceras gabunense","SPECIES"
"Acroceras hubbardii","SPECIES"
"Acroceras zizanioides","SPECIES"
"Adenia cissampeloides","SPECIES"
"Adenia lobata","SPECIES"
"Adenopodia scelerata","SPECIES"
"Adenosma indiana","SPECIES"
"Adiantum vogelii","SPECIES"
"Aerva javanica","SPECIES"
"Aeschynomene","GENUS"
"Aeschynomene afraspera","SPECIES"
"Aeschynomene americana","SPECIES"
"Aeschynomene indica","SPECIES"
"Aeschynomene patula","SPECIES"
"Aeschynomene sensitiva","SPECIES"
"Aframomum alboviolaceum","SPECIES"
"Afrocayratia gracilis","SPECIES"
"Afromorus mesozygia","SPECIES"
"Aganope leucobotrya","SPECIES"
"Agelaea pentagyna","SPECIES"
"Ageratina riparia","SPECIES"
"Ageratum conyzoides","SPECIES"
"Ageratum houstonianum","SPECIES"
"Agrostis capillaris","SPECIES"
"Agrostis salaziensis","SPECIES"
"Alafia barteri","SPECIES"
"Albertisia cordifolia","SPECIES"
"Albertisia scandens","SPECIES"
"Albizia adianthifolia","SPECIES"
"Albizia chinensis","SPECIES"
"Albizia dinklagei","SPECIES"
"Albizia lebbeck","SPECIES"
"Albizia zygia","SPECIES"
"Alchornea cordifolia","SPECIES"
"Alectra linearis","SPECIES"
"Allium chinense","SPECIES"
"Allium neapolitanum","SPECIES"
"Allophylus africanus","SPECIES"
"Allophylus spicatus","SPECIES"
"Alloteropsis paniculata","SPECIES"
"Alstonia boonei","SPECIES"
"Alternanthera","GENUS"
"Alternanthera littoralis","SPECIES"
"Alternanthera pungens","SPECIES"
"Alternanthera sessilis","SPECIES"
"Alysicarpus monilifer","SPECIES"
"Alysicarpus ovalifolius","SPECIES"
"Alysicarpus rugosus","SPECIES"
"Alysicarpus vaginalis","SPECIES"
"Amaranthus","GENUS"
"Amaranthus blitum","SPECIES"
"Amaranthus blitum emarginatus","VARIETY"
"Amaranthus dubius","SPECIES"
"Amaranthus graecizans","SPECIES"
"Amaranthus hybridus","SPECIES"
"Amaranthus spinosus","SPECIES"
"Amaranthus viridis","SPECIES"
"Ammannia","GENUS"
"Ammannia auriculata","SPECIES"
"Ammannia baccifera","SPECIES"
"Ammannia gracilis","SPECIES"
"Ammannia prieureana","SPECIES"
"Amorphophallus","GENUS"
"Amorphophallus johnsonii","SPECIES"
"Amorphophallus paeoniifolius","SPECIES"
"Ampelocissus leonensis","SPECIES"
"Ampelocissus multistriata","SPECIES"
"Anadelphia afzeliana","SPECIES"
"Ananas comosus","SPECIES"
"Anchomanes difformis","SPECIES"
"Ancylobothrys petersiana","SPECIES"
"Andropogon gayanus","SPECIES"
"Andropogon gayanus bisquamulatus","VARIETY"
"Andropogon leucostachyus","SPECIES"
"Andropogon tectorum","SPECIES"
"Aneilema","GENUS"
"Aneilema beniniense","SPECIES"
"Aneilema lanceolatum","SPECIES"
"Aneilema paludosum","SPECIES"
"Aneilema umbrosum","SPECIES"
"Angylocalyx oligophyllus","SPECIES"
"Aniseia martinicensis","SPECIES"
"Annona","GENUS"
"Annona senegalensis","SPECIES"
"Anopyxis klaineana","SPECIES"
"Anredera cordifolia","SPECIES"
"Anthephora cristata","SPECIES"
"Anthocleista djalonensis","SPECIES"
"Anthocleista nobilis","SPECIES"
"Anthocleista procera","SPECIES"
"Anthocleista vogelii","SPECIES"
"Anthoxanthum odoratum","SPECIES"
"Antiaris toxicaria","SPECIES"
"Antigonon leptopus","SPECIES"
"Antrocaryon micraster","SPECIES"
"Aponogeton vallisnerioides","SPECIES"
"Arachis","GENUS"
"Arachis hypogaea","SPECIES"
"Arachis pintoi","SPECIES"
"Aralia","GENUS"
"Argemone mexicana","SPECIES"
"Argomuellera macrophylla","SPECIES"
"Arillastrum gummiferum","SPECIES"
"Aristida","GENUS"
"Aristida adscensionis","SPECIES"
"Aristida barbicollis","SPECIES"
"Aristida hordeacea","SPECIES"
"Aristida kerstingii","SPECIES"
"Aristolochia","GENUS"
"Aristolochia acuminata","SPECIES"
"Aristolochia littoralis","SPECIES"
"Arivela viscosa","SPECIES"
"Artemisia verlotiorum","SPECIES"
"Artemisia vulgaris","SPECIES"
"Asclepias mellodora","SPECIES"
"Asparagus","GENUS"
"Asparagus africanus","SPECIES"
"Aspilia africana","SPECIES"
"Aspilia bussei","SPECIES"
"Aspilia helianthoides","SPECIES"
"Aspilia helianthoides prieureana","SUBSPECIES"
"Aspilia kotschyi","SPECIES"
"Asplenium aethiopicum","SPECIES"
"Asplenium africanum","SPECIES"
"Astraea lobata","GENUS"
"Asystasia buettneri","SPECIES"
"Asystasia gangetica","SPECIES"
"Asystasia vogeliana","SPECIES"
"Axonopus compressus","SPECIES"
"Axonopus purpusii","SPECIES"
"Azadirachta indica","SPECIES"
"Azolla","GENUS"
"Azolla pinnata","SPECIES"
"Baccharoides guineensis","SPECIES"
"Bacopa","GENUS"
"Bacopa crenata","SPECIES"
"Bacopa decumbens","SPECIES"
"Baissea multiflora","SPECIES"
"Baissea zygodioides","SPECIES"
"Balanites aegyptiaca","SPECIES"
"Balanites wilsoniana","SPECIES"
"Baphia nitida","SPECIES"
"Baphia pubescens","SPECIES"
"Barbarea verna","SPECIES"
"Basella alba","SPECIES"
"Basilicum polystachyon","SPECIES"
"Bergia suffruticosa","SPECIES"
"Bidens cynapiifolia","SPECIES"
"Bidens pilosa","SPECIES"
"Biophytum umbraculum","SPECIES"
"Blainvillea acmella","SPECIES"
"Blighia sapida","SPECIES"
"Blighia unijugata","SPECIES"
"Blighia welwitschii","SPECIES"
"Blumea","GENUS"
"Boehmeria penduliflora","SPECIES"
"Boerhavia coccinea","SPECIES"
"Boerhavia diffusa","SPECIES"
"Boerhavia erecta","SPECIES"
"Boerhavia repens","SPECIES"
"Bolboschoenus maritimus","SPECIES"
"Bombax buonopozense","SPECIES"
"Bonnaya antipoda","SPECIES"
"Borassus flabellifer","SPECIES"
"Boswellia dalzielii","SPECIES"
"Bothriospermum zeylanicum","SPECIES"
"Bouffordia dichotoma","SPECIES"
"Brachiaria nana","SPECIES"
"Brachiaria umbellata","SPECIES"
"Brassica juncea","SPECIES"
"Brassica rapa","SPECIES"
"Breynia fruticosa","SPECIES"
"Breynia retusa","SPECIES"
"Bridelia ferruginea","SPECIES"
"Briza minor","SPECIES"
"Bromus catharticus","SPECIES"
"Bulbostylis","GENUS"
"Bulbostylis abortiva","SPECIES"
"Bulbostylis barbata","SPECIES"
"Bulbostylis cioniana","SPECIES"
"Bulbostylis hispidula","SPECIES"
"Bulbostylis hispidula hispidula","SUBSPECIES"
"Bulbostylis hispidula senegalensis","SUBSPECIES"
"Bulbostylis pilosa","SPECIES"
"Burnatia enneandra","SPECIES"
"Cajanus cajan","SPECIES"
"Cajanus scarabaeoides","SPECIES"
"Caladium bicolor","SPECIES"
"Calliandra","GENUS"
"Calopogonium","GENUS"
"Calopogonium mucunoides","SPECIES"
"Calotropis procera","SPECIES"
"Calycobolus africanus","SPECIES"
"Calycobolus heudelotii","SPECIES"
"Camonea umbellata","SPECIES"
"Campylostemon warneckeanus","SPECIES"
"Canna indica","SPECIES"
"Canthium","GENUS"
"Cantinoa americana","SPECIES"
"Caperonia fistulosa","SPECIES"
"Caperonia palustris","SPECIES"
"Capsicum annuum","SPECIES"
"Capsicum frutescens","SPECIES"
"Cardamine hirsuta","SPECIES"
"Cardiospermum grandiflorum","SPECIES"
"Cardiospermum halicacabum","SPECIES"
"Cardiospermum microcarpum","SPECIES"
"Carex boryana","SPECIES"
"Carex wahlenbergiana","SPECIES"
"Carica papaya","SPECIES"
"Caroxylon imbricatum","SPECIES"
"Carpolobia lutea","SPECIES"
"Cassia sieberiana","SPECIES"
"Catharanthus","GENUS"
"Catharanthus roseus","SPECIES"
"Cecropia obtusa","SPECIES"
"Cecropia peltata","SPECIES"
"Ceiba pentandra","SPECIES"
"Celosia","GENUS"
"Celosia argentea","SPECIES"
"Celosia isertii","SPECIES"
"Celosia trigyna","SPECIES"
"Celtis mildbraedii","SPECIES"
"Celtis zenkeri","SPECIES"
"Cenchrus biflorus","SPECIES"
"Cenchrus cafer","SPECIES"
"Cenchrus ciliaris","SPECIES"
"Cenchrus clandestinus","SPECIES"
"Cenchrus echinatus","SPECIES"
"Cenchrus pedicellatus","SPECIES"
"Cenchrus purpureus","SPECIES"
"Cenchrus ramosus","SPECIES"
"Cenchrus setosus setosus","SUBSPECIES"
"Cenchrus violaceus","SPECIES"
"Centella asiatica","SPECIES"
"Centotheca lappacea","SPECIES"
"Centrosema","GENUS"
"Centrosema brasilianum","SPECIES"
"Centrosema plumieri","SPECIES"
"Centrosema pubescens","SPECIES"
"Centrosema virginianum","SPECIES"
"Cephalanthus tetrandrus","SPECIES"
"Cerastium glomeratum","SPECIES"
"Ceratophyllum demersum","SPECIES"
"Ceratopteris cornuta","SPECIES"
"Ceratopteris thalictroides","SPECIES"
"Ceropegia fusiformis","SPECIES"
"Chamaecrista absus","SPECIES"
"Chamaecrista diphylla","SPECIES"
"Chamaecrista kirkii","SPECIES"
"Chamaecrista mimosoides","SPECIES"
"Chamaecrista nigricans","SPECIES"
"Chamaecrista rotundifolia","SPECIES"
"Chasmanthera dependens","SPECIES"
"Chassalia kolly","SPECIES"
"Chenopodium album","SPECIES"
"Chloris","GENUS"
"Chloris barbata","SPECIES"
"Chloris gayana","SPECIES"
"Chloris pilosa","SPECIES"
"Chloris pycnothrix","SPECIES"
"Chloris virgata","SPECIES"
"Chlorophytum lancifolium","SPECIES"
"Christella dentata","SPECIES"
"Chromolaena odorata","SPECIES"
"Chrozophora brocchiana","SPECIES"
"Chrysanthellum americanum","SPECIES"
"Chrysopogon aciculatus","SPECIES"
"Chrysopogon zizanioides","SPECIES"
"Cinnamomum verum","SPECIES"
"Cissampelos owariensis","SPECIES"
"Cissampelos pareira","SPECIES"
"Cissus","GENUS"
"Cissus arguta","SPECIES"
"Cissus erosa","SPECIES"
"Cissus microdonta","SPECIES"
"Cissus petiolata","SPECIES"
"Cissus populnea","SPECIES"
"Cissus quadrangularis","SPECIES"
"Cissus verticillata","SPECIES"
"Citharexylum spinosum","SPECIES"
"Citrullus colocynthis","SPECIES"
"Citrullus lanatus","SPECIES"
"Clausena anisata","SPECIES"
"Clematis mauritiana","SPECIES"
"Cleome","GENUS"
"Clerodendrum","GENUS"
"Clerodendrum capitatum","SPECIES"
"Clerodendrum formicarum","SPECIES"
"Clerodendrum polycephalum","SPECIES"
"Clerodendrum silvanum silvanum","VARIETY"
"Clerodendrum speciosissimum","SPECIES"
"Clerodendrum splendens","SPECIES"
"Clerodendrum splendidum","SPECIES"
"Clerodendrum umbellatum","SPECIES"
"Clerodendrum volubile","SPECIES"
"Clibadium surinamense","SPECIES"
"Clitoria ternatea","SPECIES"
"Cnestis ferruginea","SPECIES"
"Coccinia barteri","SPECIES"
"Coccinia grandis","SPECIES"
"Cochlospermum planchonii","SPECIES"
"Cochlospermum tinctorium","SPECIES"
"Cocos nucifera","SPECIES"
"Codiaeum variegatum","SPECIES"
"Coix lacryma-jobi","SPECIES"
"Cola caricifolia","SPECIES"
"Cola millenii","SPECIES"
"Cola nitida","SPECIES"
"Coldenia procumbens","SPECIES"
"Coleus amboinicus","SPECIES"
"Coleus graniticola","SPECIES"
"Coleus monostachyus","SPECIES"
"Colocasia esculenta","SPECIES"
"Combretum comosum hispidum","VARIETY"
"Combretum glutinosum","SPECIES"
"Combretum molle","SPECIES"
"Combretum mucronatum","SPECIES"
"Combretum paniculatum","SPECIES"
"Combretum platypterum","SPECIES"
"Combretum racemosum","SPECIES"
"Combretum zenkeri","SPECIES"
"Commelina","GENUS"
"Commelina acutispatha","SPECIES"
"Commelina africana","SPECIES"
"Commelina benghalensis","SPECIES"
"Commelina bracteosa lagosensis","VARIETY"
"Commelina congesta","SPECIES"
"Commelina diffusa","SPECIES"
"Commelina erecta","SPECIES"
"Commelina forskaolii","SPECIES"
"Commelina gambiae","SPECIES"
"Commelina macrospatha","SPECIES"
"Commelina nigritana nigritana","SUBSPECIES"
"Commelina schweinfurthii","SPECIES"
"Commelina subulata","SPECIES"
"Commiphora africana","SPECIES"
"Commiphora pedunculata","SPECIES"
"Connarus africanus","SPECIES"
"Convolvulus prostratus","SPECIES"
"Conyza","GENUS"
"Corchorus","GENUS"
"Corchorus aestuans","SPECIES"
"Corchorus fascicularis","SPECIES"
"Corchorus olitorius","SPECIES"
"Corchorus tridens","SPECIES"
"Corchorus trilocularis","SPECIES"
"Coriandrum sativum","SPECIES"
"Cosmos sulphureus","SPECIES"
"Costus afer","SPECIES"
"Costus spectabilis","SPECIES"
"Crassocephalum","GENUS"
"Crassocephalum crepidioides","SPECIES"
"Crassocephalum rubens","SPECIES"
"Craterostigma nummulariifolium","SPECIES"
"Cressa cretica","SPECIES"
"Crinum","GENUS"
"Crinum jagus","SPECIES"
"Crinum ornatum","SPECIES"
"Crocosmia crocosmiiflora","SPECIES"
"Crotalaria","GENUS"
"Crotalaria goreensis","SPECIES"
"Crotalaria grahamiana","SPECIES"
"Crotalaria juncea","SPECIES"
"Crotalaria pallida","SPECIES"
"Crotalaria retusa","SPECIES"
"Crotalaria senegalensis","SPECIES"
"Crotalaria spectabilis","SPECIES"
"Crotalaria uncinella","SPECIES"
"Croton bonplandianus","SPECIES"
"Croton hirtus","SPECIES"
"Cryptolepis eburnea","SPECIES"
"Cryptolepis nigrescens","SPECIES"
"Cryptolepis sanguinolenta","SPECIES"
"Cryptostegia grandiflora","SPECIES"
"Crystallopollen angustifolium","SPECIES"
"Crystallopollen serratuloides","SPECIES"
"Ctenium newtonii","SPECIES"
"Cucumis maderaspatanus","SPECIES"
"Cucumis melo","SPECIES"
"Cucumis sativus","SPECIES"
"Cucurbita","GENUS"
"Cucurbita moschata","SPECIES"
"Culcasia angolensis","SPECIES"
"Culcasia parviflora","SPECIES"
"Culcasia scandens","SPECIES"
"Cuphea carthagenensis","SPECIES"
"Cuphea hyssopifolia","SPECIES"
"Curculigo pilosa","SPECIES"
"Curcuma longa","SPECIES"
"Cuscuta campestris","SPECIES"
"Cyanotis lanata","SPECIES"
"Cyanthillium cinereum","SPECIES"
"Cyathula prostrata","SPECIES"
"Cyclosorus striatus","SPECIES"
"Cyclospermum leptophyllum","SPECIES"
"Cymbopogon citratus","SPECIES"
"Cymbopogon giganteus","SPECIES"
"Cynodon dactylon","SPECIES"
"Cynodon nlemfuensis","SPECIES"
"Cyperus","GENUS"
"Cyperus acuticarinatus","SPECIES"
"Cyperus aggregatus","SPECIES"
"Cyperus albescens","SPECIES"
"Cyperus alopecuroides","SPECIES"
"Cyperus alternifolius","SPECIES"
"Cyperus amabilis","SPECIES"
"Cyperus aromaticus","SPECIES"
"Cyperus articulatus","SPECIES"
"Cyperus buchholzii","SPECIES"
"Cyperus compressus","SPECIES"
"Cyperus cuspidatus","SPECIES"
"Cyperus cyperinus","SPECIES"
"Cyperus cyperoides","SPECIES"
"Cyperus denudatus","SPECIES"
"Cyperus difformis","SPECIES"
"Cyperus digitatus","SPECIES"
"Cyperus dilatatus","SPECIES"
"Cyperus distans","SPECIES"
"Cyperus echinatus","SPECIES"
"Cyperus eragrostis","SPECIES"
"Cyperus erectus","SPECIES"
"Cyperus esculentus","SPECIES"
"Cyperus exaltatus","SPECIES"
"Cyperus flavescens","SPECIES"
"Cyperus haspan","SPECIES"
"Cyperus hortensis","SPECIES"
"Cyperus iria","SPECIES"
"Cyperus lanceolatus","SPECIES"
"Cyperus laxus","SPECIES"
"Cyperus ligularis","SPECIES"
"Cyperus luzulae","SPECIES"
"Cyperus macrostachyos","SPECIES"
"Cyperus metzii","SPECIES"
"Cyperus mindorensis","SPECIES"
"Cyperus niveus","SPECIES"
"Cyperus obtusatus","SPECIES"
"Cyperus odoratus","SPECIES"
"Cyperus papyrus","SPECIES"
"Cyperus podocarpus","SPECIES"
"Cyperus polystachyos","SPECIES"
"Cyperus pustulatus","SPECIES"
"Cyperus richardii","SPECIES"
"Cyperus rotundus","SPECIES"
"Cyperus sphacelatus","SPECIES"
"Cyperus squarrosus","SPECIES"
"Cyperus surinamensis","SPECIES"
"Cyperus tenuiculmis","SPECIES"
"Cyperus tenuifolius","SPECIES"
"Cyperus tenuis","SPECIES"
"Cyphostemma adenocaule","SPECIES"
"Cyphostemma adenopodum","SPECIES"
"Cyphostemma cymosum","SPECIES"
"Cyrtococcum chaetophoron","SPECIES"
"Dactylis glomerata","SPECIES"
"Dactyloctenium aegyptium","SPECIES"
"Dalbergia heudelotii","SPECIES"
"Dalbergia hostilis","SPECIES"
"Dalbergia oblongifolia","SPECIES"
"Dalbergia saxatilis","SPECIES"
"Dalbergiella welwitschii","SPECIES"
"Dalechampia","GENUS"
"Dalechampia ipomoeifolia","SPECIES"
"Dalechampia scandens","SPECIES"
"Daniellia oliveri","SPECIES"
"Danthonia decumbens","SPECIES"
"Datura","GENUS"
"Datura innoxia","SPECIES"
"Datura stramonium","SPECIES"
"Daucus carota","SPECIES"
"Deinbollia pinnata","SPECIES"
"Delonix regia","SPECIES"
"Desmanthus virgatus","SPECIES"
"Desmodium","GENUS"
"Desmodium distortum","SPECIES"
"Desmodium incanum","SPECIES"
"Desmodium intortum","SPECIES"
"Desmodium scorpiurus","SPECIES"
"Desmodium tortuosum","SPECIES"
"Desmodium uncinatum","SPECIES"
"Detarium microcarpum","SPECIES"
"Dialium guineense","SPECIES"
"Dichanthium annulatum","SPECIES"
"Dichanthium caricosum","SPECIES"
"Dichapetalum filicaule","SPECIES"
"Dichapetalum madagascariense","SPECIES"
"Dichrocephala integrifolia","SPECIES"
"Dichrostachys cinerea","SPECIES"
"Dicliptera elliotii","SPECIES"
"Dicliptera paniculata","SPECIES"
"Dicoma tomentosa","SPECIES"
"Digitalis purpurea","SPECIES"
"Digitaria","GENUS"
"Digitaria acuminatissima","SPECIES"
"Digitaria argillacea","SPECIES"
"Digitaria bicornis","SPECIES"
"Digitaria ciliaris","SPECIES"
"Digitaria delicatula","SPECIES"
"Digitaria diagonalis","SPECIES"
"Digitaria eriantha","SPECIES"
"Digitaria fuscescens","SPECIES"
"Digitaria gayana","SPECIES"
"Digitaria horizontalis","SPECIES"
"Digitaria humbertii","SPECIES"
"Digitaria insularis","SPECIES"
"Digitaria longiflora","SPECIES"
"Digitaria radicosa","SPECIES"
"Digitaria sanguinalis","SPECIES"
"Dimetia capitellata","SPECIES"
"Dinebra perrieri","SPECIES"
"Dinebra retroflexa","SPECIES"
"Diodia","GENUS"
"Diodia rubricosa","SPECIES"
"Dioscorea","GENUS"
"Dioscorea alata","SPECIES"
"Dioscorea antaly","SPECIES"
"Dioscorea bulbifera","SPECIES"
"Dioscorea cayenensis","SPECIES"
"Dioscorea dumetorum","SPECIES"
"Dioscorea minutiflora","SPECIES"
"Dioscorea praehensilis","SPECIES"
"Dioscorea preussii","SPECIES"
"Dioscorea quartiniana","SPECIES"
"Dioscorea sagittifolia lecardii","VARIETY"
"Dioscorea smilacifolia","SPECIES"
"Dioscorea togoensis","SPECIES"
"Dioscoreophyllum volkensii","SPECIES"
"Diospyros mespiliformis","SPECIES"
"Diospyros monbuttensis","SPECIES"
"Diplachne fusca","SPECIES"
"Diplotaxis tenuifolia","SPECIES"
"Discoglypremna caloneura","SPECIES"
"Dissotis","GENUS"
"Dissotis grandiflora","SPECIES"
"Distemonanthus benthamianus","SPECIES"
"Distimake aegyptius","SPECIES"
"Distimake cissoides","SPECIES"
"Distimake dissectus","SPECIES"
"Distimake kentrocaulos","SPECIES"
"Distimake quinquefolius","SPECIES"
"Dolichandra unguis-cati","SPECIES"
"Dracaena mannii","SPECIES"
"Drimia","GENUS"
"Drymaria cordata","SPECIES"
"Dysphania ambrosioides","SPECIES"
"Echinochloa callopus","SPECIES"
"Echinochloa colonum","SPECIES"
"Echinochloa crus-galli","SPECIES"
"Echinochloa crus-pavonis","SPECIES"
"Echinochloa obtusiflora","SPECIES"
"Echinochloa polystachya","SPECIES"
"Echinochloa pyramidalis","SPECIES"
"Echinochloa stagnina","SPECIES"
"Echinops mildbraedii","SPECIES"
"Eclipta prostrata","SPECIES"
"Ehretia cymosa","SPECIES"
"Ehretia trachyphylla","SPECIES"
"Elaeis guineensis","SPECIES"
"Eleocharis","GENUS"
"Eleocharis complanata","SPECIES"
"Eleocharis filiculmis","SPECIES"
"Elephantopus mollis","SPECIES"
"Elephantopus scaber","SPECIES"
"Eleusine indica","SPECIES"
"Eleutheranthera ruderalis","SPECIES"
"Elymandra androphila","SPECIES"
"Elytraria marginata","SPECIES"
"Elytraria maritima","SPECIES"
"Emilia coccinea","SPECIES"
"Emilia fosbergii","SPECIES"
"Emilia praetermissa","SPECIES"
"Emilia sonchifolia","SPECIES"
"Enneapogon cenchroides","SPECIES"
"Entada africana","SPECIES"
"Enteropogon prieurii","SPECIES"
"Equisetum","GENUS"
"Equisetum ramosissimum","SPECIES"
"Eragrostis aspera","SPECIES"
"Eragrostis atrovirens","SPECIES"
"Eragrostis cilianensis","SPECIES"
"Eragrostis ciliaris","SPECIES"
"Eragrostis gangetica","SPECIES"
"Eragrostis macilenta","SPECIES"
"Eragrostis minor","SPECIES"
"Eragrostis pilosa","SPECIES"
"Eragrostis squamata","SPECIES"
"Eragrostis tenella","SPECIES"
"Eragrostis tenuifolia","SPECIES"
"Eragrostis tremula","SPECIES"
"Eragrostis turgida","SPECIES"
"Eragrostis unioloides","SPECIES"
"Eragrostis viscosa","SPECIES"
"Eragrotis","GENUS"
"Erechtites hieraciifolius","SPECIES"
"Erechtites valerianifolius","SPECIES"
"Erica galioides","SPECIES"
"Erigeron bonariensis","SPECIES"
"Erigeron floribundus","SPECIES"
"Erigeron karvinskianus","SPECIES"
"Erigeron sumatrensis","SPECIES"
"Eriochloa barbatus","SPECIES"
"Eriosema","GENUS"
"Eriosema glomeratum","SPECIES"
"Eriosema psoraleoides","SPECIES"
"Eryngium foetidum","SPECIES"
"Erythrina senegalensis","SPECIES"
"Erythrina vogelii","SPECIES"
"Ethulia conyzoides","SPECIES"
"Euadenia trifoliolata","SPECIES"
"Eugenia leonensis","SPECIES"
"Euphorbia convolvuloides","SPECIES"
"Euphorbia forskaolii","SPECIES"
"Euphorbia heterophylla","SPECIES"
"Euphorbia heterophylla cyathophora","VARIETY"
"Euphorbia hirta","SPECIES"
"Euphorbia hypericifolia","SPECIES"
"Euphorbia hyssopifolia","SPECIES"
"Euphorbia peplus","SPECIES"
"Euphorbia prostrata","SPECIES"
"Euphorbia scordiifolia","SPECIES"
"Euploca ovalifolia","SPECIES"
"Euploca strigosa","SPECIES"
"Evolvulus alsinoides","SPECIES"
"Evolvulus nummularius","SPECIES"
"Faidherbia albida","SPECIES"
"Falcataria falcata","SPECIES"
"Ficus","GENUS"
"Ficus exasperata","SPECIES"
"Ficus mucuso","SPECIES"
"Ficus simplicissima","SPECIES"
"Ficus sur","SPECIES"
"Ficus trichopoda","SPECIES"
"Ficus variifolia","SPECIES"
"Ficus vogeliana","SPECIES"
"Fimbristylis","GENUS"
"Fimbristylis dichotoma","SPECIES"
"Fimbristylis dichotoma podocarpa","SUBSPECIES"
"Fimbristylis ferruginea","SPECIES"
"Fimbristylis littoralis","SPECIES"
"Fimbristylis scabrida","SPECIES"
"Fimbristylis signata","SPECIES"
"Flagellaria guineensis","SPECIES"
"Fleischmannia microstemon","SPECIES"
"Flueggea virosa","SPECIES"
"Freesia laxa","SPECIES"
"Fuchsia boliviana","SPECIES"
"Fuirena ciliaris","SPECIES"
"Fuirena stricta","SPECIES"
"Fuirena umbellata","SPECIES"
"Fumaria muralis","SPECIES"
"Funtumia africana","SPECIES"
"Funtumia elastica","SPECIES"
"Gagnebina pterocarpa","SPECIES"
"Galinsoga parviflora","SPECIES"
"Galium aparine","SPECIES"
"Gambeya subnuda","SPECIES"
"Gamochaeta purpurea","SPECIES"
"Garcinia kola","SPECIES"
"Gardenia erubescens","SPECIES"
"Geophila repens","SPECIES"
"Geranium robertianum","SPECIES"
"Gisekia","GENUS"
"Gisekia pharnaceoides","SPECIES"
"Gladiolus","GENUS"
"Gladiolus dalenii","SPECIES"
"Glinus","GENUS"
"Glinus lotoides","SPECIES"
"Glinus oppositifolius","SPECIES"
"Glinus radiatus","SPECIES"
"Gliricidia sepium","SPECIES"
"Gloriosa superba","SPECIES"
"Glyphaea brevis","SPECIES"
"Gmelina arborea","SPECIES"
"Gomphrena celosioides","SPECIES"
"Gomphrena vermicularis","SPECIES"
"Gongronemopsis angolensis","SPECIES"
"Gonolobus rostratus","SPECIES"
"Gossypium barbadense","SPECIES"
"Gouania longipetala","SPECIES"
"Grewia carpinifolia","SPECIES"
"Grewia mollis","SPECIES"
"Griffonia simplicifolia","SPECIES"
"Grona adscendens","SPECIES"
"Grona barbata","SPECIES"
"Grona hirta","SPECIES"
"Grona ramosissima","SPECIES"
"Grona triflora","SPECIES"
"Guilandina bonduc","SPECIES"
"Gymnosporia senegalensis","SPECIES"
"Gynandropsis gynandra","SPECIES"
"Hackelochloa granularis","SPECIES"
"Harrisonia abyssinica","SPECIES"
"Harungana madagascariensis","SPECIES"
"Hediotis","GENUS"
"Hedychium coronarium","SPECIES"
"Hedychium gardnerianum","SPECIES"
"Heisteria parvifolia","SPECIES"
"Helichrysum luteoalbum","SPECIES"
"Heliconia psittacorum","SPECIES"
"Heliotropium","GENUS"
"Heliotropium amplexicaule","SPECIES"
"Heliotropium bacciferum","SPECIES"
"Heliotropium indicum","SPECIES"
"Heliotropium zeylanicum","SPECIES"
"Hermannia tigreensis","SPECIES"
"Heteranthera callifolia","SPECIES"
"Heteropogon","GENUS"
"Heteropogon contortus","SPECIES"
"Heterotis rotundifolia","SPECIES"
"Hewittia malabarica","SPECIES"
"Hexasepalum sarmentosum","SPECIES"
"Hexasepalum scandens","SPECIES"
"Hibiscus","GENUS"
"Hibiscus caerulescens","SPECIES"
"Hibiscus cannabinus","SPECIES"
"Hibiscus diversifolius","SPECIES"
"Hibiscus lobatus","SPECIES"
"Hibiscus panduriformis","SPECIES"
"Hibiscus physaloides","SPECIES"
"Hibiscus sabdariffa","SPECIES"
"Hibiscus sidiformis","SPECIES"
"Hibiscus surattensis","SPECIES"
"Hildegardia barteri","SPECIES"
"Hippobroma longiflora","SPECIES"
"Hiptage benghalensis","SPECIES"
"Histiopteris incisa","SPECIES"
"Holarrhena floribunda","SPECIES"
"Holcus lanatus","SPECIES"
"Holoptelea grandis","SPECIES"
"Homolepis aturensis","SPECIES"
"Hoslundia opposita","SPECIES"
"Houttuynia cordata","SPECIES"
"Hybanthus","GENUS"
"Hydrocotyle bonariensis","SPECIES"
"Hydrocotyle sibthorpioides","SPECIES"
"Hydrocotyle umbellata","SPECIES"
"Hydrolea palustris","SPECIES"
"Hygrophila","GENUS"
"Hygrophila auriculata","SPECIES"
"Hymenachne amplexicaulis","SPECIES"
"Hyparrhenia","GENUS"
"Hyparrhenia diplandra","SPECIES"
"Hyparrhenia rufa","SPECIES"
"Hypericum japonicum","SPECIES"
"Hypertelis cerviana","SPECIES"
"Hypochaeris radicata","SPECIES"
"Hypselodelphys violacea","SPECIES"
"Hyptis atrorubens","SPECIES"
"Hyptis brevipes","SPECIES"
"Hyptis capitata","SPECIES"
"Hyptis lanceolata","SPECIES"
"Icacina mannii","SPECIES"
"Impatiens trilobata","SPECIES"
"Impatiens walleriana","SPECIES"
"Imperata brasiliensis","SPECIES"
"Imperata cylindrica","SPECIES"
"Indigastrum parviflorum","SPECIES"
"Indigofera","GENUS"
"Indigofera berhautiana","SPECIES"
"Indigofera colutea","SPECIES"
"Indigofera dendroides","SPECIES"
"Indigofera geminata","SPECIES"
"Indigofera hendecaphylla","SPECIES"
"Indigofera hirsuta","SPECIES"
"Indigofera macrophylla","SPECIES"
"Indigofera nummulariifolia","SPECIES"
"Indigofera oblongifolia","SPECIES"
"Indigofera paniculata","SPECIES"
"Indigofera pilosa","SPECIES"
"Indigofera polysphaera","SPECIES"
"Indigofera secundiflora","SPECIES"
"Indigofera spicata","SPECIES"
"Indigofera stenophylla","SPECIES"
"Indigofera strobilifera","SPECIES"
"Indigofera tetrasperma","SPECIES"
"Indigofera tinctoria","SPECIES"
"Indigofera trita","SPECIES"
"Iphigenia pauciflora","SPECIES"
"Ipomoea","GENUS"
"Ipomoea alba","SPECIES"
"Ipomoea aquatica","SPECIES"
"Ipomoea arachnosperma","SPECIES"
"Ipomoea argentaurata","SPECIES"
"Ipomoea asarifolia","SPECIES"
"Ipomoea batatas","SPECIES"
"Ipomoea bolusiana","SPECIES"
"Ipomoea cairica","SPECIES"
"Ipomoea carnea fistulosa","SUBSPECIES"
"Ipomoea coptica","SPECIES"
"Ipomoea eriocarpa","SPECIES"
"Ipomoea hederifolia","SPECIES"
"Ipomoea heterotricha","SPECIES"
"Ipomoea indica","SPECIES"
"Ipomoea involucrata","SPECIES"
"Ipomoea mauritiana","SPECIES"
"Ipomoea muricata","SPECIES"
"Ipomoea nil","SPECIES"
"Ipomoea obscura","SPECIES"
"Ipomoea ochracea","SPECIES"
"Ipomoea pes-caprae","SPECIES"
"Ipomoea pes-tigridis","SPECIES"
"Ipomoea purpurea","SPECIES"
"Ipomoea pyrophila","SPECIES"
"Ipomoea quamoclit","SPECIES"
"Ipomoea sagittifolia","SPECIES"
"Ipomoea setifera","SPECIES"
"Ipomoea staphylina","SPECIES"
"Ipomoea tiliacea","SPECIES"
"Ipomoea triloba","SPECIES"
"Ipomoea vagans","SPECIES"
"Isachne","GENUS"
"Isachne kiyalaensis","SPECIES"
"Ischaemum afrum","SPECIES"
"Ischaemum koleostachys","SPECIES"
"Ischaemum rugosum","SPECIES"
"Isolepis fluitans","SPECIES"
"Isolona campanulata","SPECIES"
"Isolona cooperi","SPECIES"
"Jacquemontia","GENUS"
"Jacquemontia tamnifolia","SPECIES"
"Jasminum pauciflorum","SPECIES"
"Jatropha curcas","SPECIES"
"Jatropha gossypiifolia","SPECIES"
"Juncus effusus","SPECIES"
"Justicia anselliana","SPECIES"
"Justicia flava","SPECIES"
"Justicia ladanoides","SPECIES"
"Kalanchoe crenata","SPECIES"
"Kallstroemia pubescens","SPECIES"
"Keetia leucantha","SPECIES"
"Khaya senegalensis","SPECIES"
"Kohautia grandiflora","SPECIES"
"Kohautia tenuis","SPECIES"
"Lablab purpureus","SPECIES"
"Laccosperma secundiflorum","SPECIES"
"Lactuca indica","SPECIES"
"Lagenaria breviflora","SPECIES"
"Lagenaria guineensis","SPECIES"
"Laggera alata","SPECIES"
"Laggera crispata","SPECIES"
"Laggera gracilis","SPECIES"
"Lamium amplexicaule","SPECIES"
"Landolphia hirsuta","SPECIES"
"Lannea nigritana","SPECIES"
"Lantana camara","SPECIES"
"Lantana rugosa","SPECIES"
"Lantana trifolia","SPECIES"
"Laportea aestuans","SPECIES"
"Lapsana communis","SPECIES"
"Lasimorpha senegalensis","SPECIES"
"Launaea","GENUS"
"Launaea cornuta","SPECIES"
"Launaea nana","SPECIES"
"Launaea rarifolia","SPECIES"
"Launaea taraxacifolia","SPECIES"
"Lavandula angustifolia","SPECIES"
"Lecaniodiscus cupanioides","SPECIES"
"Ledebouria sudanica","SPECIES"
"Leersia hexandra","SPECIES"
"Lemna","GENUS"
"Lemna aequinoctialis","SPECIES"
"Lemna minor","SPECIES"
"Leonotis","GENUS"
"Leonotis nepetifolia","SPECIES"
"Leonurus sibiricus","SPECIES"
"Lepidagathis alopecuroidea","SPECIES"
"Lepidium africanum","SPECIES"
"Lepidium bonariense","SPECIES"
"Lepidium didymum","SPECIES"
"Lepistemon owariensis","SPECIES"
"Leptactina densiflora","SPECIES"
"Leptadenia lanceolata lanceolata","SUBSPECIES"
"Leptadenia madagascariensis","SPECIES"
"Leptadenia pyrotechnica","SPECIES"
"Leptocarydion vulpiastrum","SPECIES"
"Leptochloa","GENUS"
"Leptochloa caerulescens","SPECIES"
"Leptochloa chinensis","SPECIES"
"Leptochloa scabra","SPECIES"
"Leptochloa virgata","SPECIES"
"Leptoderris ledermannii","SPECIES"
"Leptoderris miegei","SPECIES"
"Leptothrium senegalense","SPECIES"
"Lepturus radicans","SPECIES"
"Leucaena leucocephala","SPECIES"
"Leucas lavandulifolia","SPECIES"
"Leucas martinicensis","SPECIES"
"Lindernia","GENUS"
"Lindernia rotundifolia","SPECIES"
"Linzia ituriensis","SPECIES"
"Lipotriche scandens","SPECIES"
"Lippia","GENUS"
"Lippia chevalieri","SPECIES"
"Lippia multiflora","SPECIES"
"Litsea glutinosa","SPECIES"
"Litsea monopetala","SPECIES"
"Lobelia cliffortiana","SPECIES"
"Lolium perenne","SPECIES"
"Lonchocarpus sericeus","SPECIES"
"Lonicera confusa","SPECIES"
"Lophira lanceolata","SPECIES"
"Lotononis rostrata","SPECIES"
"Lotus arabicus","SPECIES"
"Loudetia togoensis","SPECIES"
"Ludwigia","GENUS"
"Ludwigia abyssinica","SPECIES"
"Ludwigia adscendens diffusa","SUBSPECIES"
"Ludwigia decurrens","SPECIES"
"Ludwigia erecta","SPECIES"
"Ludwigia hyssopifolia","SPECIES"
"Ludwigia leptocarpa","SPECIES"
"Ludwigia octovalvis","SPECIES"
"Ludwigia stenorraphe","SPECIES"
"Luffa aegyptiaca","SPECIES"
"Luziola subintegra","SPECIES"
"Luzula campestris","SPECIES"
"Lygodium flexuosum","SPECIES"
"Lysimachia arvensis arvensis","VARIETY"
"Lysimachia foemina","SPECIES"
"Macropsychanthus comosus","SPECIES"
"Macroptilium","GENUS"
"Macroptilium atropurpureum","SPECIES"
"Macroptilium lathyroides","SPECIES"
"Macroptilium longepedunculatum","SPECIES"
"Macrotyloma biflorum biflorum","VARIETY"
"Maesobotrya barteri","SPECIES"
"Malacantha alnifolia","SPECIES"
"Malachra radiata","SPECIES"
"Mallotus","GENUS"
"Mallotus oppositifolius","SPECIES"
"Malva","GENUS"
"Malva parviflora","SPECIES"
"Malvastrum coromandelianum","SPECIES"
"Mangifera indica","SPECIES"
"Manihot esculenta","SPECIES"
"Manotes expansa","SPECIES"
"Mansonia altissima","SPECIES"
"Marantochloa cuspidata","SPECIES"
"Mareya micrantha","SPECIES"
"Margaritaria discoidea","SPECIES"
"Mariscus","GENUS"
"Marsilea","GENUS"
"Marsilea minuta","SPECIES"
"Marsypianthes chamaedrys","SPECIES"
"Mecardonia procumbens","SPECIES"
"Medicago","GENUS"
"Medicago polymorpha","SPECIES"
"Megathyrsus maximus","SPECIES"
"Melaleuca quinquenervia","SPECIES"
"Melasma melampyroides","SPECIES"
"Melastoma","GENUS"
"Melastomastrum capitatum","SPECIES"
"Melia azedarach","SPECIES"
"Melicope pteleifolia","SPECIES"
"Melilotus albus","SPECIES"
"Melilotus indicus","SPECIES"
"Melinis minutiflora","SPECIES"
"Melinis repens","SPECIES"
"Melliniella micrantha","SPECIES"
"Melochia corchorifolia","SPECIES"
"Melochia pyramidata","SPECIES"
"Merremia","GENUS"
"Merremia emarginata","SPECIES"
"Merremia hederacea","SPECIES"
"Merremia pterygocaulos","SPECIES"
"Mesosphaerum pectinatum","SPECIES"
"Mesosphaerum suaveolens","SPECIES"
"Mezoneuron benthamianum","SPECIES"
"Miconia","GENUS"
"Miconia crenata","SPECIES"
"Microchloa indica","SPECIES"
"Micrococca mercurialis","SPECIES"
"Microdesmis keayana","SPECIES"
"Mikania","GENUS"
"Mikania cordata","SPECIES"
"Mikania micrantha","SPECIES"
"Milicia excelsa","SPECIES"
"Milicia regia","SPECIES"
"Millettia thonningii","SPECIES"
"Millettia zechiana","SPECIES"
"Mimosa","GENUS"
"Mimosa candollei","SPECIES"
"Mimosa diplotricha","SPECIES"
"Mimosa pigra","SPECIES"
"Mimosa pudica","SPECIES"
"Mirabilis jalapa","SPECIES"
"Miscanthidium violaceum","SPECIES"
"Mitracarpus hirtus","SPECIES"
"Mitragyna inermis","SPECIES"
"Mitragyna stipulosa","SPECIES"
"Mollugo","GENUS"
"Mollugo verticillata","SPECIES"
"Momordica balsamina","SPECIES"
"Momordica charantia","SPECIES"
"Momordica cissoides","SPECIES"
"Momordica foetida","SPECIES"
"Mondia whitei","SPECIES"
"Monechma ciliatum","GENUS"
"Monodora tenuifolia","SPECIES"
"Monodora undulata","SPECIES"
"Montrichardia arborescens","SPECIES"
"Moorochloa eruciformis","SPECIES"
"Morinda citrifolia","SPECIES"
"Morinda lucida","SPECIES"
"Motandra paniculata","SPECIES"
"Mucuna","GENUS"
"Mucuna flagellipes","SPECIES"
"Mucuna pruriens","SPECIES"
"Murdannia","GENUS"
"Murdannia nudiflora","SPECIES"
"Murdannia simplex","SPECIES"
"Murraya koenigii","SPECIES"
"Murraya paniculata","SPECIES"
"Musa","GENUS"
"Musa paradisiaca","SPECIES"
"Mussaenda elegans","SPECIES"
"Mussaenda tristigmatica","SPECIES"
"Myosotis discolor","SPECIES"
"Najas pectinata","SPECIES"
"Napoleonaea vogelii","SPECIES"
"Nasturtium officinale","SPECIES"
"Nauclea latifolia","SPECIES"
"Nelsonia canescens","SPECIES"
"Neojeffreya decurrens","SPECIES"
"Neonotonia","GENUS"
"Neonotonia wightii","SPECIES"
"Neoschumannia kamerunensis","SPECIES"
"Nephrolepis biserrata","SPECIES"
"Neptunia plena","SPECIES"
"Neptunia prostrata","SPECIES"
"Nesogordonia papaverifera","SPECIES"
"Neustanthus phaseoloides","SPECIES"
"Newbouldia laevis","SPECIES"
"Nicandra physalodes","SPECIES"
"Nicotiana plumbaginifolia","SPECIES"
"Nidorella aegyptiaca","SPECIES"
"Nymphaea alba","SPECIES"
"Nymphaea lotus","SPECIES"
"Nymphaea rubra","SPECIES"
"Nymphaea rudgeana","SPECIES"
"Nymphoides indica","SPECIES"
"Ocimum americanum","SPECIES"
"Ocimum basilicum","SPECIES"
"Ocimum gratissimum","SPECIES"
"Oenothera glazioviana","SPECIES"
"Oenothera rosea","SPECIES"
"Oenothera stricta","SPECIES"
"Olax subscorpioidea","SPECIES"
"Oldenlandia","GENUS"
"Oldenlandia affinis","SPECIES"
"Oldenlandia capensis","SPECIES"
"Oldenlandia corymbosa","SPECIES"
"Oldenlandia herbacea","SPECIES"
"Oldenlandia lancifolia","SPECIES"
"Olyra latifolia","SPECIES"
"Operculina turpethum","SPECIES"
"Ophioglossum reticulatum","SPECIES"
"Ophiopogon japonicus","SPECIES"
"Oplismenus burmanni","SPECIES"
"Oplismenus hirtellus","SPECIES"
"Ormocarpum sennoides","SPECIES"
"Oryza barthii","SPECIES"
"Oryza longistaminata","SPECIES"
"Oryza sativa","SPECIES"
"Ouret lanata","SPECIES"
"Oxalis barrelieri","SPECIES"
"Oxalis corniculata","SPECIES"
"Oxalis debilis","SPECIES"
"Oxalis latifolia","SPECIES"
"Oxalis tetraphylla","SPECIES"
"Oxyanthus formosus","SPECIES"
"Oxyanthus racemosus","SPECIES"
"Oxyanthus unilocularis","SPECIES"
"Oxygonum sinuatum","SPECIES"
"Paederia","GENUS"
"Paederia farinosa farinosa","SUBSPECIES"
"Paederia foetida","SPECIES"
"Palhinhaea cernua","SPECIES"
"Palisota hirsuta","SPECIES"
"Pancratium trianthum","SPECIES"
"Pandiaka angustifolia","SPECIES"
"Panicum","GENUS"
"Panicum brevifolium","SPECIES"
"Panicum luridum","SPECIES"
"Panicum pansum","SPECIES"
"Panicum repens","SPECIES"
"Panicum subalbidum","SPECIES"
"Panicum sumatrense","SPECIES"
"Panicum trichocladum","SPECIES"
"Panicum voeltzkowii","SPECIES"
"Paramollugo nudicaulis","SPECIES"
"Parinari","GENUS"
"Parkia biglobosa","SPECIES"
"Parkinsonia aculeata","SPECIES"
"Parthenium hysterophorus","SPECIES"
"Paspalum","GENUS"
"Paspalum conjugatum","SPECIES"
"Paspalum dilatatum","SPECIES"
"Paspalum distichum","SPECIES"
"Paspalum melanospermum","SPECIES"
"Paspalum millegranum","SPECIES"
"Paspalum notatum","SPECIES"
"Paspalum nutans","SPECIES"
"Paspalum paniculatum","SPECIES"
"Paspalum plicatulum","SPECIES"
"Paspalum scrobiculatum","SPECIES"
"Paspalum urvillei","SPECIES"
"Paspalum vaginatum","SPECIES"
"Paspalum virgatum","SPECIES"
"Passiflora coccinea","SPECIES"
"Passiflora edulis","SPECIES"
"Passiflora foetida","SPECIES"
"Passiflora suberosa","SPECIES"
"Passovia pyrifolia","SPECIES"
"Paullinia pinnata","SPECIES"
"Pavonia senegalensis","SPECIES"
"Pellaea doniana","SPECIES"
"Pentas lanceolata","SPECIES"
"Pentodon pentandrus","SPECIES"
"Peperomia pellucida","SPECIES"
"Pergularia daemia","SPECIES"
"Perotis","GENUS"
"Perotis indica","SPECIES"
"Perotis patens","SPECIES"
"Persea americana","SPECIES"
"Persicaria","GENUS"
"Persicaria chinensis","SPECIES"
"Persicaria decipiens","SPECIES"
"Persicaria ferruginea","SPECIES"
"Persicaria senegalensis","SPECIES"
"Phalaris arundinacea","SPECIES"
"Phaseolus vulgaris","SPECIES"
"Phaulopsis ciliata","SPECIES"
"Phaulopsis imbricata","SPECIES"
"Phaulopsis verticillaris","SPECIES"
"Philenoptera cyanescens","SPECIES"
"Phragmites australis","SPECIES"
"Phyllanthus","GENUS"
"Phyllanthus amarus","SPECIES"
"Phyllanthus debilis","SPECIES"
"Phyllanthus maderaspatensis","SPECIES"
"Phyllanthus muellerianus","SPECIES"
"Phyllanthus niruri","SPECIES"
"Phyllanthus niruroides","SPECIES"
"Phyllanthus odontadenius","SPECIES"
"Phyllanthus pentandrus","SPECIES"
"Phyllanthus reticulatus","SPECIES"
"Phyllanthus sublanatus","SPECIES"
"Phyllanthus tenellus","SPECIES"
"Phyllanthus urinaria","SPECIES"
"Phyllocosmus africanus","SPECIES"
"Physalis angulata","SPECIES"
"Physalis lagascae","SPECIES"
"Phytolacca americana","SPECIES"
"Pigea enneasperma","SPECIES"
"Pilea microphylla","SPECIES"
"Piliostigma","GENUS"
"Piliostigma reticulatum","SPECIES"
"Piliostigma thonningii","SPECIES"
"Piper dilatatum","SPECIES"
"Piper umbellatum","SPECIES"
"Piriqueta cistoides","SPECIES"
"Piriqueta viscosa","SPECIES"
"Pistia stratiotes","SPECIES"
"Pithecellobium dulce","SPECIES"
"Pityrogramma calomelanos","SPECIES"
"Plantago lanceolata","SPECIES"
"Plantago major","SPECIES"
"Platostoma africanum","SPECIES"
"Pleioceras barteri","SPECIES"
"Pleurolobus gangeticus","SPECIES"
"Pleurolobus salicifolius","SPECIES"
"Poa annua","SPECIES"
"Polhillides velutina","SPECIES"
"Polycarpaea corymbosa","SPECIES"
"Polycarpaea eriantha","SPECIES"
"Polycarpaea eriantha effusa","VARIETY"
"Polygala arenaria","SPECIES"
"Polygala multiflora","SPECIES"
"Polygala paniculata","SPECIES"
"Polygala petitiana","SPECIES"
"Polyscias","GENUS"
"Polyscias fruticosa","SPECIES"
"Polytrichum formosum","SPECIES"
"Pontederia azurea","SPECIES"
"Pontederia crassipes","SPECIES"
"Pontederia natans","SPECIES"
"Porophyllum ruderale","SPECIES"
"Portulaca grandiflora","SPECIES"
"Portulaca oleracea","SPECIES"
"Portulaca quadrifida","SPECIES"
"Potamogeton octandrus","SPECIES"
"Potentilla indica","SPECIES"
"Pouzolzia guineensis","SPECIES"
"Premna angolensis","SPECIES"
"Premna quadrifolia","SPECIES"
"Priva lappulacea","SPECIES"
"Prosopis africana","SPECIES"
"Prunella vulgaris","SPECIES"
"Pseudoconyza viscosa","SPECIES"
"Psidium cattleianum","SPECIES"
"Psidium guajava","SPECIES"
"Psychotria calva","SPECIES"
"Psychotria schweinfurthii","SPECIES"
"Pteridium aquilinum","SPECIES"
"Pteris atrovirens","SPECIES"
"Pteris hamulosa","SPECIES"
"Pterocarpus erinaceus","SPECIES"
"Pterocarpus indicus","SPECIES"
"Pterolepis glomerata","SPECIES"
"Pulicaria undulata","SPECIES"
"Pupalia lappacea","SPECIES"
"Pyrenacantha macrocarpa","SPECIES"
"Ranunculus sericeus","SPECIES"
"Raphanus raphanistrum","SPECIES"
"Rauvolfia vomitoria","SPECIES"
"Reissantia indica","SPECIES"
"Rhamphicarpa fistulosa","SPECIES"
"Rhynchosia","GENUS"
"Rhynchosia buettneri","SPECIES"
"Rhynchosia malacophylla","SPECIES"
"Rhynchosia minima","SPECIES"
"Rhynchosia nyasica","SPECIES"
"Rhynchosia viscosa","SPECIES"
"Rhynchosia viscosa breviracemosa","VARIETY"
"Rhynchospora corymbosa","SPECIES"
"Rhynchospora holoschoenoides","SPECIES"
"Rhynchospora marisculus","SPECIES"
"Rhynchospora pura","SPECIES"
"Richardia brasiliensis","SPECIES"
"Richardia scabra","SPECIES"
"Ricinodendron heudelotii","SPECIES"
"Ricinus communis","SPECIES"
"Rinorea welwitschii welwitschii","SUBSPECIES"
"Rolandra fruticosa","SPECIES"
"Rorippa","GENUS"
"Rotheca violacea","SPECIES"
"Rothia hirsuta","SPECIES"
"Rothmannia longiflora","SPECIES"
"Rothmannia munsae megalostigma","SUBSPECIES"
"Rottboellia cochinchinensis","SPECIES"
"Rourea coccinea","SPECIES"
"Rubus","GENUS"
"Rubus alceifolius","SPECIES"
"Rubus apetalus","SPECIES"
"Rubus fraxinifolius","SPECIES"
"Rubus rosifolius","SPECIES"
"Rubus tonkinensis","SPECIES"
"Ruellia blechum","SPECIES"
"Ruellia togoensis","SPECIES"
"Rugoloa pilosa","SPECIES"
"Rumex","GENUS"
"Rumex abyssinicus","SPECIES"
"Rumex acetosella angiocarpus","SUBSPECIES"
"Rumex brownii","SPECIES"
"Rumex crispus","SPECIES"
"Ruthalicia eglandulosa","SPECIES"
"Ruthalicia longipes","SPECIES"
"Rytigynia canthioides","SPECIES"
"Rytigynia umbellulata","SPECIES"
"Sabicea calycina","SPECIES"
"Sabicea discolor","SPECIES"
"Sabicea vogelii","SPECIES"
"Saccharum officinarum","SPECIES"
"Sacciolepis africana","SPECIES"
"Sacciolepis cymbiandra","SPECIES"
"Sacciolepis indica","SPECIES"
"Sacciolepis striata","SPECIES"
"Sagittaria guayanensis","SPECIES"
"Salacia nitida","SPECIES"
"Salacia pallescens","SPECIES"
"Salomonia","GENUS"
"Salvadora persica","SPECIES"
"Salvia rosmarinus","SPECIES"
"Salvinia","GENUS"
"Salvinia auriculata","SPECIES"
"Salvinia nymphellula","SPECIES"
"Samanea saman","SPECIES"
"Sauvagesia erecta","SPECIES"
"Scadoxus multiflorus","SPECIES"
"Scepocarpus keayi","SPECIES"
"Schinus terebinthifolia","SPECIES"
"Schizachyrium","GENUS"
"Schizachyrium exile","SPECIES"
"Schizachyrium platyphyllum","SPECIES"
"Schoenoplectiella mucronata","SPECIES"
"Schoenoplectiella senegalensis","SPECIES"
"Schwenckia americana","SPECIES"
"Scleria boivinii","SPECIES"
"Scleria cyperina","SPECIES"
"Scleria depressa","SPECIES"
"Scleria gaertneri","SPECIES"
"Scleria pergracilis","SPECIES"
"Scleromitrion diffusum","SPECIES"
"Scleromitrion tenelliflorum","SPECIES"
"Scoparia dulcis","GENUS"
"Secamone afzelii","SPECIES"
"Secamone punctulata","SPECIES"
"Sechium edule","SPECIES"
"Securidaca longepedunculata","SPECIES"
"Senegalia pentagona","SPECIES"
"Senna","GENUS"
"Senna alata","SPECIES"
"Senna hirsuta","SPECIES"
"Senna obtusifolia","SPECIES"
"Senna occidentalis","SPECIES"
"Senna siamea","SPECIES"
"Senna tora","SPECIES"
"Sesamum indicum","SPECIES"
"Sesamum radiatum","SPECIES"
"Sesamum sesamoides","SPECIES"
"Sesbania","GENUS"
"Sesbania bispinosa","SPECIES"
"Sesbania cannabina","SPECIES"
"Sesbania herbacea","SPECIES"
"Sesbania microphylla","SPECIES"
"Sesbania pachycarpa","SPECIES"
"Sesbania rostrata","SPECIES"
"Sesbania sericea","SPECIES"
"Sesbania sesban","SPECIES"
"Sesbania sesban punctata","SUBSPECIES"
"Sesbania sudanica","SPECIES"
"Sesuvium portulacastrum","SPECIES"
"Setaria","GENUS"
"Setaria barbata","SPECIES"
"Setaria geminata","SPECIES"
"Setaria longiseta","SPECIES"
"Setaria megaphylla","SPECIES"
"Setaria palmifolia","SPECIES"
"Setaria pumila","SPECIES"
"Setaria sphacelata","SPECIES"
"Setaria verticillata","SPECIES"
"Setaria viridis","SPECIES"
"Sicyos angulatus","SPECIES"
"Sida","GENUS"
"Sida acuta","SPECIES"
"Sida alba","SPECIES"
"Sida alnifolia","SPECIES"
"Sida cordata","SPECIES"
"Sida cordifolia","SPECIES"
"Sida glabra","SPECIES"
"Sida glutinosa","SPECIES"
"Sida hyssopifolia","SPECIES"
"Sida linifolia","SPECIES"
"Sida ovata","SPECIES"
"Sida rhombifolia","SPECIES"
"Sida spinosa","SPECIES"
"Sida ulmifolia","SPECIES"
"Sida urens","SPECIES"
"Sieruela coeruleorosea","SPECIES"
"Sieruela hirta","SPECIES"
"Sieruela monophylla","SPECIES"
"Sieruela rutidosperma","SPECIES"
"Sigesbeckia orientalis","SPECIES"
"Siphonochilus aethiopicus","SPECIES"
"Sisyrinchium micranthum","SPECIES"
"Smilax","GENUS"
"Smilax anceps","SPECIES"
"Solanum","GENUS"
"Solanum americanum","SPECIES"
"Solanum anguivi","SPECIES"
"Solanum cerasiferum","SPECIES"
"Solanum donianum","SPECIES"
"Solanum erianthum","SPECIES"
"Solanum lycopersicum","SPECIES"
"Solanum mauritianum","SPECIES"
"Solanum melongena","SPECIES"
"Solanum nigrum","SPECIES"
"Solanum seaforthianum","SPECIES"
"Solanum subinerme","SPECIES"
"Solanum torvum","SPECIES"
"Solanum violaceum","SPECIES"
"Sonchus asper","SPECIES"
"Sonchus oleraceus","SPECIES"
"Sopubia parviflora","SPECIES"
"Sorghum","GENUS"
"Sorghum arundinaceum","SPECIES"
"Sorghum bicolor","SPECIES"
"Sorghum halepense","SPECIES"
"Spathodea campanulata","SPECIES"
"Spergula arvensis","SPECIES"
"Spermacoce","GENUS"
"Spermacoce alata","SPECIES"
"Spermacoce chaetocephala","SPECIES"
"Spermacoce confusa","SPECIES"
"Spermacoce filifolia","SPECIES"
"Spermacoce intricans","SPECIES"
"Spermacoce ocymoides","SPECIES"
"Spermacoce pusilla","SPECIES"
"Spermacoce radiata","SPECIES"
"Spermacoce ruelliae","SPECIES"
"Spermacoce stachydea","SPECIES"
"Spermacoce tenuior","SPECIES"
"Spermacoce verticillata","SPECIES"
"Sphaeranthus flexuosus","SPECIES"
"Sphaeranthus senegalensis","SPECIES"
"Sphaeropteris cooperi","SPECIES"
"Sphagneticola trilobata","SPECIES"
"Sphenocentrum jollyanum","SPECIES"
"Sphenoclea zeylanica","SPECIES"
"Spigelia anthelmia","SPECIES"
"Spilanthes","GENUS"
"Spilanthes costata","SPECIES"
"Spilanthes urens","SPECIES"
"Spirodela polyrhiza","SPECIES"
"Spondias mombin","SPECIES"
"Sporobolus","GENUS"
"Sporobolus africanus","SPECIES"
"Sporobolus cordofanus","SPECIES"
"Sporobolus festivus","SPECIES"
"Sporobolus indicus","SPECIES"
"Sporobolus microprotus","SPECIES"
"Sporobolus paniculatus","SPECIES"
"Sporobolus pyramidalis","SPECIES"
"Sporobolus robustus","SPECIES"
"Stachytarpheta cayennensis","SPECIES"
"Stachytarpheta indica","SPECIES"
"Stachytarpheta jamaicensis","SPECIES"
"Stachytarpheta urticifolia","SPECIES"
"Steinchisma laxum","SPECIES"
"Stellaria media","SPECIES"
"Stemodia verticillata","SPECIES"
"Stenotaphrum","GENUS"
"Stenotaphrum dimidiatum","SPECIES"
"Stephania","GENUS"
"Stephostachys mertensii","SPECIES"
"Sterculia setigera","SPECIES"
"Sterculia tragacantha","SPECIES"
"Stigmaphyllon sinuatum","SPECIES"
"Striga asiatica","SPECIES"
"Striga aspera","SPECIES"
"Striga hermonthica","SPECIES"
"Strophanthus hispidus","SPECIES"
"Strophanthus sarmentosus","SPECIES"
"Struchium sparganophorum","SPECIES"
"Strychnos spinosa","SPECIES"
"Stylochaeton","GENUS"
"Stylochaeton hypogeum","SPECIES"
"Stylochaeton lancifolium","SPECIES"
"Stylosanthes","GENUS"
"Stylosanthes erecta","SPECIES"
"Stylosanthes guianensis","SPECIES"
"Symphyotrichum squamatum","SPECIES"
"Synedrella nodiflora","SPECIES"
"Syzygium samarangense","SPECIES"
"Tabebuia pallida","SPECIES"
"Tacca leontopetaloides","SPECIES"
"Tagetes","GENUS"
"Tagetes erecta","SPECIES"
"Talinum","GENUS"
"Talinum fruticosum","SPECIES"
"Tamarindus indica","SPECIES"
"Tamarix senegalensis","SPECIES"
"Taraxacum","GENUS"
"Tarenaya aculeata","SPECIES"
"Tectona grandis","SPECIES"
"Telosma africana","SPECIES"
"Tephrosia","GENUS"
"Tephrosia bracteolata","SPECIES"
"Tephrosia elegans","SPECIES"
"Tephrosia flexuosa","SPECIES"
"Tephrosia linearis","SPECIES"
"Tephrosia noctiflora","SPECIES"
"Tephrosia pedicellata","SPECIES"
"Tephrosia platycarpa","SPECIES"
"Tephrosia purpurea","SPECIES"
"Tephrosia vogelii","SPECIES"
"Teramnus labialis","SPECIES"
"Terminalia","GENUS"
"Terminalia leiocarpa","SPECIES"
"Terminalia schimperiana","SPECIES"
"Tetracera alnifolia","SPECIES"
"Tetradenia riparia","SPECIES"
"Tetragonia tetragonioides","SPECIES"
"Thalia geniculata","SPECIES"
"Thaumatococcus daniellii","SPECIES"
"Thelepogon elegans","SPECIES"
"Themeda quadrivalvis","SPECIES"
"Thunbergia fragrans","SPECIES"
"Thysanolaena latifolia","SPECIES"
"Tilesia baccata","SPECIES"
"Tithonia diversifolia","SPECIES"
"Torenia crustacea","SPECIES"
"Torenia thouarsii","SPECIES"
"Tragia","GENUS"
"Tragia benthamii","SPECIES"
"Tragia senegalensis","SPECIES"
"Tragia spathulata","SPECIES"
"Tragia volubilis","SPECIES"
"Tragus","GENUS"
"Tragus berteronianus","SPECIES"
"Tragus racemosus","SPECIES"
"Trema","GENUS"
"Trema angustifolium","SPECIES"
"Trema micranthum","SPECIES"
"Trema orientale","SPECIES"
"Trianthema portulacastrum","SPECIES"
"Tribulus cistoides","SPECIES"
"Tribulus terrestris","SPECIES"
"Trichanthecium glaucocladum","SPECIES"
"Trichilia martineaui","SPECIES"
"Trichilia prieuriana","SPECIES"
"Trichodesma indicum","SPECIES"
"Trichodesma zeylanicum","SPECIES"
"Triclicera","GENUS"
"Tricliceras pilosum","SPECIES"
"Tridax procumbens","SPECIES"
"Trifolium repens","SPECIES"
"Trigastrotheca stricta","SPECIES"
"Triplochiton scleroxylon","SPECIES"
"Triplophyllum protensum","SPECIES"
"Tristemma hirtum","SPECIES"
"Tristemma mauritianum","SPECIES"
"Triumfetta","GENUS"
"Triumfetta cordifolia","SPECIES"
"Triumfetta pentandra","SPECIES"
"Triumfetta rhomboidea","SPECIES"
"Tropaeolum majus","SPECIES"
"Turraea heterophylla","SPECIES"
"Typha","GENUS"
"Typha domingensis","SPECIES"
"Ulex europaeus","SPECIES"
"Uraria picta","SPECIES"
"Urena lobata","SPECIES"
"Urochloa","GENUS"
"Urochloa arrecta","SPECIES"
"Urochloa brizantha","SPECIES"
"Urochloa comata","SPECIES"
"Urochloa deflexa","SPECIES"
"Urochloa dictyoneura","SPECIES"
"Urochloa distachyoides","SPECIES"
"Urochloa distachyos","SPECIES"
"Urochloa eminii","SPECIES"
"Urochloa fusca","SPECIES"
"Urochloa lata","SPECIES"
"Urochloa mutica","SPECIES"
"Urochloa polystachya","SPECIES"
"Urochloa ramosa","SPECIES"
"Urochloa reptans","SPECIES"
"Urochloa serrata","SPECIES"
"Urochloa villosa","SPECIES"
"Utricularia","GENUS"
"Utricularia stellaris","SPECIES"
"Uvaria afzelii","SPECIES"
"Uvaria tortilis","SPECIES"
"Uvariodendron occidentale","SPECIES"
"Vachellia farnesiana","SPECIES"
"Vachellia nilotica","SPECIES"
"Vachellia seyal","SPECIES"
"Vachellia sieberiana","SPECIES"
"Vandellia diffusa","SPECIES"
"Vandellia senegalensis","SPECIES"
"Varronia curassavica","SPECIES"
"Vepris verdoorniana","SPECIES"
"Verbascum thapsus","SPECIES"
"Verbena brasiliensis","SPECIES"
"Verbena officinalis","SPECIES"
"Verbena rigida","SPECIES"
"Verbesina encelioides","SPECIES"
"Vernonia","GENUS"
"Vernonia chapmanii","SPECIES"
"Vernonia colorata","SPECIES"
"Vernonia galamensis","SPECIES"
"Vernoniastrum ambiguum","SPECIES"
"Vicia hirsuta","SPECIES"
"Vicia sativa","SPECIES"
"Vicoa indica","SPECIES"
"Vigna","GENUS"
"Vigna gracilis","SPECIES"
"Vigna luteola","SPECIES"
"Vigna racemosa","SPECIES"
"Vigna radiata","SPECIES"
"Vigna reticulata","SPECIES"
"Vigna subterranea","SPECIES"
"Vigna umbellata","SPECIES"
"Vigna unguiculata","SPECIES"
"Vigna vexillata","SPECIES"
"Vincetoxicum sylvaticum","SPECIES"
"Vitellaria paradoxa","SPECIES"
"Vitex","GENUS"
"Vitex doniana","SPECIES"
"Vitex oxycuspis","SPECIES"
"Vitex trifolia","SPECIES"
"Voacanga africana","SPECIES"
"Waltheria indica","SPECIES"
"Wissadula amplissima","SPECIES"
"Withania somnifera","SPECIES"
"Xanthium strumarium","SPECIES"
"Xanthosoma sagittifolium","SPECIES"
"Xenostegia medium","SPECIES"
"Xenostegia pinnata","SPECIES"
"Xenostegia tridentata","SPECIES"
"Xyris savanensis","SPECIES"
"Youngia japonica","SPECIES"
"Zaleya pentandra","SPECIES"
"Zantedeschia aethiopica","SPECIES"
"Zanthoxylum","GENUS"
"Zea mays","SPECIES"
"Zehneria capillacea","SPECIES"
"Zehneria emirnensis","SPECIES"
"Zehneria thwaitesii","SPECIES"
"Ziziphus","GENUS"
"Ziziphus mauritiana","SPECIES"
"Zornia","GENUS"
"Zornia glochidiata","SPECIES"
"Zornia latifolia","SPECIES"
