"id","euromed_name","tpl_name","ncbitaxon_uri"
1,Abutilon,Abutilon,
2,Abutilon theophrasti,Abutilon theophrasti,
3,Acacia,Acacia,
4,Acalypha,Acalypha,
5,Acalypha virginica,Acalypha virginica,
6,Acer campestre,Acer campestre,
7,Acer negundo,Acer negundo,
8,Acer platanoides,Acer platanoides,
9,Acer pseudoplatanus,Acer pseudoplatanus,
10,Achillea,Achillea,
11,Achillea millefolium,Achillea millefolium,
12,Achillea odorata,Achillea odorata,
13,Achillea ptarmica,Achillea ptarmica,
14,Adonis,Adonis,
15,Adonis aestivalis,Adonis aestivalis,
16,Adonis annua,Adonis annua,
17,Adonis flammea,Adonis flammea,
18,Aegilops,Aegilops,
19,Aegilops geniculata,Aegilops geniculata,
20,Aegopodium podagraria,Aegopodium podagraria,
21,Aethusa cynapium,Aethusa cynapium,
22,Agrimonia eupatoria,Agrimonia eupatoria,
23,Agropyron,Agropyron,
24,Agrostemma githago,Agrostemma githago,
25,Agrostis,Agrostis,
26,Agrostis capillaris,Agrostis capillaris,
27,Agrostis gigantea,Agrostis gigantea,
28,Agrostis stolonifera,Agrostis stolonifera,
29,Ailanthus altissima,Ailanthus altissima,
30,Ajuga chamaepitys,Ajuga chamaepitys,
31,Ajuga genevensis,Ajuga genevensis,
32,Ajuga reptans,Ajuga reptans,
33,Alchemilla xanthochlora,Alchemilla xanthochlora,
34,Alisma lanceolatum,Alisma lanceolatum,
35,Alkanna tinctoria,Alkanna tinctoria,
36,Alliaria petiolata,Alliaria petiolata,
37,Allium,Allium,
38,Allium ampeloprasum,Allium ampeloprasum,
39,Allium cepa,Allium cepa,
40,Allium neapolitanum,Allium neapolitanum,
41,Allium nigrum,Allium nigrum,
42,Allium oleraceum,Allium oleraceum,
43,Allium roseum,Allium roseum,
44,Allium rotundum,Allium rotundum,
45,Allium subhirsutum,Allium subhirsutum,
46,Allium vineale,Allium vineale,
47,Alopecurus,Alopecurus,
48,Alopecurus geniculatus,Alopecurus geniculatus,
49,Alopecurus myosuroides,Alopecurus myosuroides,
50,Alopecurus pratensis,Alopecurus pratensis,
51,Alopecurus rendlei,Alopecurus rendlei,
52,Alopecurus utriculatus,Alopecurus utriculatus,
53,Althaea officinalis,Althaea officinalis,
54,Alyssum,Alyssum,
55,Alyssum alyssoides,Alyssum alyssoides,
56,Alyssum granatense,Alyssum granatense,
57,Alyssum minutum,Alyssum minutum,
58,Alyssum simplex,Alyssum simplex,
59,Amaranthus,Amaranthus,
60,Amaranthus albus,Amaranthus albus,
61,Amaranthus blitoides,Amaranthus blitoides,
62,Amaranthus blitum,Amaranthus blitum,
63,Amaranthus caudatus,Amaranthus caudatus,
64,Amaranthus deflexus,Amaranthus deflexus,
65,Amaranthus graecizans,Amaranthus graecizans,
66,Amaranthus hybridus,Amaranthus hybridus,
67,Amaranthus powellii,Amaranthus powellii,
68,Amaranthus retroflexus,Amaranthus retroflexus,
69,Amaranthus tricolor,Amaranthus tricolor,
70,Amaranthus viridis,Amaranthus viridis,
71,Ambrosia artemisiifolia,Ambrosia artemisiifolia,
72,Ammi majus,Ammi majus,
73,Ammoides pusilla,Ammoides pusilla,
74,Anacyclus clavatus,Anacyclus clavatus,
75,Anacyclus radiatus,Anacyclus radiatus,
76,Anagallis,Anagallis,
77,Anagallis arvensis,Anagallis arvensis var. caerulea,
78,Anagallis arvensis,Anagallis arvensis,
79,Anagallis foemina,Anagallis arvensis subsp. foemina,
80,Anchusa,Anchusa,
81,Anchusa azurea,Anchusa azurea,
82,Anchusa hybrida,Anchusa undulata subsp. hybrida,
83,Anchusa officinalis,Anchusa officinalis,
84,Anchusa puechii,Anchusa puechii,
85,Andrachne telephioides,Andrachne telephioides,
86,Androsace maxima,Androsace maxima,
87,Andryala integrifolia,Andryala integrifolia,
88,Andryala laxiflora,Andryala laxiflora,
89,Anemone hortensis,Anemone hortensis,
90,Anethum graveolens,Anethum graveolens,
91,Angelica sylvestris,Angelica sylvestris,
92,Anisantha diandra,Bromus diandrus,
93,Anisantha madritensis,Bromus rigidus,
94,Anisantha madritensis,Elymus repens,
95,Anisantha madritensis,Bromus madritensis,
96,Anisantha rigida,Bromus rigidus,
97,Anisantha rubens,Bromus rubens,
98,Anisantha sterilis,Bromus sterilis,
99,Anisantha tectorum,Bromus tectorum,
100,Anthemis,Anthemis,
101,Anthemis arvensis,Anthemis arvensis,
102,Anthemis cotula,Anthemis cotula,
103,Anthemis ruthenica,Anthemis ruthenica,
104,Anthoxanthum odoratum,Anthoxanthum odoratum,
105,Anthriscus,Anthriscus,
106,Anthriscus caucalis,Anthriscus caucalis,
107,Anthriscus cerefolium,Anthriscus cerefolium,
108,Anthriscus sylvestris,Anthriscus sylvestris,
109,Anthyllis vulneraria,Anthyllis vulneraria,
110,Apera spica-venti,Apera spica-venti,
111,Aphanes arvensis,Aphanes arvensis,
112,Apium,Apium,
113,Apium graveolens,Apium graveolens,
114,Arabidopsis thaliana,Arabidopsis thaliana,
115,Arctium,Arctium,
116,Arctium lappa,Arctium lappa,
117,Arctium minus,Arctium minus,
118,Arctium tomentosum,Arctium tomentosum,
119,Arenaria hispanica,Arenaria hispanica,
120,Arenaria serpyllifolia,Arenaria serpyllifolia,
242,Centaurea,Centaurea,
121,Argentina anserina,Potentilla anserina,
122,Arisarum simorrhinum,Arisarum simorrhinum,
123,Aristolochia clematitis,Aristolochia clematitis,
124,Armoracia rusticana,Armoracia rusticana,
125,Arrhenatherum elatius,Arrhenatherum elatius,
126,Arrhenatherum elatius subsp. bulbosum,Arrhenatherum elatius subsp. bulbosum,
127,Artemisia absinthium,Artemisia absinthium,
128,Artemisia annua,Artemisia annua,
129,Artemisia herba-alba,Artemisia herba-alba,
130,Artemisia verlotiorum,Artemisia verlotiorum,
131,Artemisia vulgaris,Artemisia vulgaris,
132,Arundo plinii,Arundo plinii,
133,Asclepias syriaca,Asclepias syriaca,
134,Asparagus officinalis,Asparagus officinalis,
135,Asparagus officinalis subsp. Officinalis,Asparagus officinalis,
136,Asperugo procumbens,Asperugo procumbens,
137,Asperula aristata,Asperula aristata,
138,Asperula arvensis,Asperula arvensis,
139,Asphodelus,Asphodelus,
140,Asphodelus ramosus,Asphodelus ramosus,
141,Astragalus,Astragalus,
142,Astragalus boeticus,Astragalus boeticus,
143,Astragalus cicer,Astragalus cicer,
144,Atriplex,Atriplex,
145,Atriplex halimus,Atriplex halimus,
146,Atriplex hastata,Atriplex prostrata subsp. calotheca,
147,Atriplex littoralis,Atriplex littoralis,
148,Atriplex oblongifolia,Atriplex oblongifolia,
149,Atriplex patula,Atriplex patula,
150,Atriplex prostrata,Atriplex prostrata,
151,Atriplex sagittata,Atriplex sagittata,
152,Atriplex tatarica,Atriplex tatarica,
153,Avena,Avena,
154,Avena barbata,Avena barbata,
155,Avena fatua,Avena fatua,
156,Avena sativa,Avena sativa,
157,Avena sterilis,Avena sterilis,
158,Ballota nigra,Ballota nigra,
159,Barbarea,Barbarea,
160,Barbarea intermedia,Barbarea intermedia,
161,Barbarea stricta,Barbarea stricta,
162,Barbarea vulgaris,Barbarea vulgaris,
163,Bassia,Bassia,
164,Bassia scoparia,Bassia scoparia,
165,Bellardia trixago,Bellardia trixago,
166,Bellis perennis,Bellis perennis,
167,Berteroa incana,Berteroa incana,
168,Beta,Beta,
169,Beta vulgaris,Beta vulgaris,
170,Betula pendula,Betula pendula,
171,Betula pubescens,Betula pubescens,
172,Bidens,Bidens,
173,Bidens bipinnatus,Bidens bipinnata,
174,Bidens tripartitus,Bidens tripartita,
175,Bifora radians,Bifora radians,
176,Bifora testiculata,Bifora testiculata,
177,Biscutella auriculata,Biscutella auriculata,
178,Bistorta officinalis,Persicaria bistorta,
179,Blackstonia perfoliata,Blackstonia perfoliata,
180,Bolboschoenus maritimus,Bolboschoenus maritimus,
181,Borago officinalis,Borago officinalis,
182,Brachypodium sylvaticum,Brachypodium sylvaticum,
183,Brassica,Brassica,
184,Brassica barrelieri,Brassica barrelieri,
185,Brassica napus,Brassica napus,
186,Brassica nigra,Brassica nigra,
187,Brassica oleracea,Brassica oleracea,
188,Brassica rapa,Brassica rapa,
189,Briza maxima,Briza maxima,
190,Briza media,Briza media,
191,Bromopsis inermis,Bromus inermis,
192,Bromus,Bromus,
193,Bromus arvensis,Bromus arvensis,
194,Bromus commutatus,Bromus commutatus,
195,Bromus erectus,Bromus erectus,
196,Bromus grossus,Bromus grossus,
197,Bromus hordeaceus,Bromus hordeaceus,
198,Bromus japonicus,Bromus japonicus,
199,Bromus ramosus,Bromus ramosus,
200,Bromus secalinus,Bromus secalinus,
201,Bryonia dioica,Bryonia cretica subsp. dioica,
202,Buglossoides arvensis,Buglossoides arvensis,
203,Bunias erucago,Bunias erucago,
204,Bunias orientalis,Bunias orientalis,
205,Bupleurum rotundifolium,Bupleurum rotundifolium,
206,Calamagrostis epigejos,Calamagrostis epigejos,
207,Calendula,Calendula,
208,Calendula arvensis,Calendula arvensis,
209,Calendula officinalis,Calendula officinalis,
210,Calepina irregularis,Calepina irregularis,
211,Calystegia sepium,Calystegia sepium,
212,Camelina,Camelina,
213,Camelina alyssum,Camelina alyssum,
214,Camelina microcarpa,Camelina microcarpa,
215,Camelina sativa,Camelina sativa,
216,Campanula erinus,Campanula erinus,
217,Campanula patula,Campanula patula,
218,Campanula rapunculoides,Campanula rapunculoides,
219,Cannabis sativa,Cannabis sativa,
220,Capsella bursa-pastoris,Capsella bursa-pastoris,
221,Capsella rubella,Capsella rubella,
222,Cardamine,Cardamine,
223,Cardamine hirsuta,Cardamine hirsuta,
224,Cardamine pratensis,Cardamine pratensis,
225,Carduus,Carduus,
226,Carduus acanthoides,Carduus acanthoides,
227,Carduus crispus,Carduus crispus,
228,Carduus nutans,Carduus nutans,
229,Carduus pycnocephalus,Carduus pycnocephalus,
230,Carduus tenuiflorus,Carduus tenuiflorus,
231,Carex,Carex,
232,Carex hirta,Carex hirta,
233,Carex pendula,Carex pendula,
234,Carex vulpina,Carex vulpina,
235,Carlina corymbosa,Carlina corymbosa,
236,Carlina lanata,Carlina lanata,
237,Carthamus lanatus,Carthamus lanatus,
238,Catapodium rigidum,Catapodium rigidum,
239,Caucalis platycarpos,Caucalis platycarpos,
240,Cenchrus incertus,Cenchrus incertus,
241,Cenchrus spicatus,Pennisetum glaucum,
243,Centaurea aspera,Centaurea aspera,
244,Centaurea calcitrapa,Centaurea calcitrapa,
245,Centaurea diluta,Centaurea diluta,
246,Centaurea eriophora,Centaurea eriophora,
247,Centaurea jacea,Centaurea jacea,
248,Centaurea melitensis,Centaurea melitensis,
249,Centaurea nigrescens,Centaurea nigrescens,
250,Centaurea pullata,Centaurea pullata,
251,Centaurea scabiosa,Centaurea scabiosa,
252,Centaurea solstitialis,Centaurea solstitialis,
253,Centaurea stoebe,Centaurea stoebe,
254,Centaurium,Centaurium,
255,Centaurium erythraea,Centaurium erythraea,
256,Centaurium pulchellum,Centaurium pulchellum,
257,Centranthus calcitrapae,Centranthus calcitrapa,
258,Cerastium,Cerastium,
259,Cerastium arvense,Cerastium arvense,
260,Cerastium dichotomum,Cerastium dichotomum,
261,Cerastium fontanum,Cerastium fontanum,
262,Cerastium fontanum subsp. vulgare,Cerastium fontanum subsp. vulgare,
263,Cerastium glomeratum,Cerastium glomeratum,
264,Cerastium perfoliatum,Cerastium perfoliatum,
265,Cerastium pumilum,Cerastium pumilum,
266,Cerastium semidecandrum,Cerastium semidecandrum,
267,Ceratochloa cathartica,Bromus catharticus,
268,Cereal,Cereal,
269,Cerinthe minor,Cerinthe minor,
270,Chaenorhinum origanifolium,Chaenorhinum origanifolium,
271,Chaenorhinum rubrifolium,Chaenorhinum rubrifolium,
272,Chaerophyllum temulum,Chaerophyllum temulum,
273,Chelidonium,Chelidonium,
274,Chelidonium majus,Chelidonium majus,
275,Chenopodiastrum hybridum,Chenopodium hybridum,
276,Chenopodiastrum murale,Chenopodium murale,
277,Chenopodium,Chenopodium,
278,Chenopodium album,Chenopodium album,
279,Chenopodium ficifolium,Chenopodium ficifolium,
280,Chenopodium vulvaria,Chenopodium vulvaria,
281,Chondrilla juncea,Chondrilla juncea,
282,Chrozophora tinctoria,Chrozophora tinctoria,
283,Cicer arietinum,Cicer arietinum,
284,Cichorium,Cichorium,
285,Cichorium endivia,Cichorium endivia,
286,Cichorium intybus,Cichorium intybus,
287,Cirsium,Cirsium,
288,Cirsium arvense,Cirsium arvense,
289,Cirsium eriophorum,Cirsium eriophorum,
290,Cirsium helenioides,Cirsium helenioides,
291,Cirsium oleraceum,Cirsium oleraceum,
292,Cirsium palustre,Cirsium palustre,
293,Cirsium vulgare,Cirsium lanceolatum,
294,Cirsium vulgare,Cirsium vulgare,
295,Cladanthus mixtus,Cladanthus mixtus,
296,Clematis vitalba,Clematis vitalba,
297,Clinopodium nepeta,Clinopodium nepeta,
298,Coincya monensis subsp. cheiranthos,Coincya monensis subsp. cheiranthos,
299,Commelina,Commelina,
300,Commelina communis,Commelina communis,
301,Conium maculatum,Conium maculatum,
302,Conringia orientalis,Conringia orientalis,
303,Consolida orientalis,Consolida orientalis,
304,Consolida pubescens,Consolida pubescens,
305,Consolida regalis,Consolida regalis,
306,Convolvulus,Convolvulus,
307,Convolvulus althaeoides,Convolvulus althaeoides,
308,Convolvulus arvensis,Convolvulus arvensis,
309,Convolvulus cantabrica,Convolvulus cantabrica,
310,Conyza sumatrensis,Conyza sumatrensis,
311,Coriandrum sativum,Coriandrum sativum,
312,Coris monspeliensis,Coris monspeliensis,
313,Corispermum nitidum,Corispermum nitidum,
314,Cornus alba,Cornus alba,
315,Coronilla scorpioides,Coronilla scorpioides,
316,Coronopus,Coronopus,
317,Corrigiola litoralis,Corrigiola litoralis,
318,Corylus avellana,Corylus avellana,
319,Cota altissima,Cota altissima,
320,Cota austriaca,Cota austriaca,
321,Cota segetalis,Cota segetalis,
322,Cota tinctoria,Cota tinctoria,
323,Crambe abyssinica,Crambe hispanica subsp. abyssinica,
324,Crassula tillaea,Crassula tillaea,
325,Crataegus monogyna,Crataegus monogyna,
326,Crepis,Crepis,
327,Crepis biennis,Crepis biennis,
328,Crepis bursifolia,Crepis bursifolia,
329,Crepis capillaris,Crepis capillaris,
330,Crepis foetida,Crepis foetida,
331,Crepis foetida subsp. rhoeadifolia,Crepis foetida subsp. rhoeadifolia,
332,Crepis neglecta,Crepis neglecta,
333,Crepis neglecta subsp. corymbosa,Crepis neglecta subsp. corymbosa,
334,Crepis pulchra,Crepis pulchra,
335,Crepis pygmaea,Crepis pygmaea,
336,Crepis rubra,Crepis rubra,
337,Crepis sancta,Crepis sancta,
338,Crepis setosa,Crepis setosa,
339,Crepis tectorum,Crepis tectorum,
340,Crepis vesicaria,Crepis vesicaria,
341,Crepis vesicaria subsp. taraxacifolia,Crepis vesicaria subsp. taraxacifolia,
342,Cruciata laevipes,Cruciata laevipes,
343,Cucurbita,Cucurbita,
344,Cullen americanum,Cullen americanum,
345,Cuscuta,Cuscuta,
346,Cuscuta campestris,Cuscuta campestris,
347,Cyanus depressus,Cyanus depressus,
348,Cyanus segetum,Cyanus segetum,
349,Cymbalaria muralis,Cymbalaria muralis,
350,Cynara cardunculus,Cynara cardunculus,
351,Cynodon dactylon,Cynodon dactylon,
352,Cynoglossum cheirifolium,Pardoglossum cheirifolium,
353,Cynoglossum creticum,Cynoglossum creticum,
354,Cynoglossum officinale,Cynoglossum officinale,
355,Cyperus,Cyperus,
356,Cyperus difformis,Cyperus difformis,
357,Cyperus esculentus,Cyperus esculentus,
358,Cyperus longus,Cyperus longus,
359,Cyperus rotundus,Cyperus rotundus,
360,Dactylis glomerata,Dactylis glomerata,
361,Dactylis glomerata subsp. glomerata,Dactylis glomerata,
362,Dasypyrum villosum,Dasypyrum villosum,
363,Datura stramonium,Datura stramonium,
364,Daucus,Daucus,
365,Daucus carota,Daucus carota,
366,Daucus crinitus,Daucus crinitus,
367,Delphinium halteratum,Delphinium halteratum,
368,Deschampsia cespitosa,Deschampsia cespitosa,
369,Descurainia sophia,Descurainia sophia,
370,Dianthus carthusianorum,Dianthus carthusianorum,
371,Digitalis grandiflora,Digitalis grandiflora,
372,Digitaria,Digitaria,
373,Digitaria ischaemum,Digitaria ischaemum,
374,Digitaria sanguinalis,Digitaria sanguinalis,
375,Dioscorea communis,Dioscorea communis,
376,Diplotaxis,Diplotaxis,
377,Diplotaxis erucoides,Diplotaxis erucoides,
378,Diplotaxis muralis,Diplotaxis muralis,
379,Diplotaxis tenuifolia,Diplotaxis tenuifolia,
380,Diplotaxis viminea,Diplotaxis viminea,
381,Diplotaxis virgata,Diplotaxis virgata,
382,Dipsacus fullonum,Dipsacus fullonum,
383,Dittrichia graveolens,Dittrichia graveolens,
384,Draba verna,Erophila verna,
385,Ecballium elaterium,Ecballium elaterium,
386,Echinaria capitata,Echinaria capitata,
387,Echinochloa,Echinochloa,
388,Echinochloa colonum,Echinochloa colona,
389,Echinochloa crus-galli,Echinochloa crus-galli,
390,Echinops ritro,Echinops ritro,
391,Echium,Echium,
392,Echium asperrimum,Echium asperrimum,
393,Echium plantagineum,Echium plantagineum,
394,Echium vulgare,Echium vulgare,
395,Elytrigia campestris,Elymus pungens,
396,Elytrigia intermedia subsp. trichophora,Elymus hispidus,
397,Elytrigia repens,Elymus repens,
398,Epilobium,Epilobium,
399,Epilobium angustifolium,Epilobium angustifolium,
400,Epilobium ciliatum,Epilobium ciliatum,
401,Epilobium hirsutum,Epilobium hirsutum,
402,Epilobium lanceolatum,Epilobium lanceolatum,
403,Epilobium montanum,Epilobium montanum,
404,Epilobium obscurum,Epilobium obscurum,
405,Epilobium palustre,Epilobium palustre,
406,Epilobium parviflorum,Epilobium parviflorum,
407,Epilobium tetragonum,Epilobium tetragonum,
408,Equisetum,Equisetum,
409,Equisetum arvense,Equisetum arvense,
410,Equisetum palustre,Equisetum palustre,
411,Equisetum ramosissimum,Equisetum ramosissimum,
412,Equisetum sylvaticum,Equisetum sylvaticum,
413,Equisetum telmateia,Equisetum telmateia,
414,Eragrostis minor,Eragrostis minor,
415,Erigeron,Erigeron,
416,Erigeron,Conyza,
417,Erigeron acris,Erigeron acris,
418,Erigeron annuus,Erigeron annuus,
419,Erigeron bonariensis,Erigeron bonariensis,
420,Erigeron canadensis,Erigeron canadensis,
421,Erigeron glabellus,Erigeron glabellus,
422,Erodium,Erodium,
423,Erodium chium,Erodium chium,
424,Erodium ciconium,Erodium ciconium,
425,Erodium cicutarium,Erodium cicutarium,
426,Erodium malacoides,Erodium malacoides,
427,Erucastrum gallicum,Erucastrum gallicum,
428,Erucastrum nasturtiifolium,Erucastrum nasturtiifolium,
429,Eruca vesicaria,Eruca vesicaria,
430,Eryngium campestre,Eryngium campestre,
431,Erysimum cheiranthoides,Erysimum cheiranthoides,
432,Erysimum repandum,Erysimum repandum,
433,Eupatorium cannabinum,Eupatorium cannabinum,
434,Euphorbia,Euphorbia,
435,Euphorbia amygdaloides,Euphorbia amygdaloides,
436,Euphorbia chamaesyce,Euphorbia chamaesyce,
437,Euphorbia cyparissias,Euphorbia cyparissias,
438,Euphorbia esula,Euphorbia esula,
439,Euphorbia esula subsp. tommasiniana,Euphorbia esula subsp. tommasiniana,
440,Euphorbia exigua,Euphorbia exigua,
441,Euphorbia falcata,Euphorbia falcata,
442,Euphorbia helioscopia,Euphorbia helioscopia,
443,Euphorbia humifusa,Euphorbia humifusa,
444,Euphorbia maculata,Euphorbia maculata,
445,Euphorbia peplis,Euphorbia peplus,
446,Euphorbia peplus,Euphorbia peplus,
447,Euphorbia platyphyllos,Euphorbia platyphyllos,
448,Euphorbia prostrata,Euphorbia prostrata,
449,Euphorbia segetalis,Euphorbia segetalis,
450,Euphorbia serrata,Euphorbia serrata,
451,Euphorbia taurinensis,Euphorbia taurinensis,
452,Euphorbia terracina,Euphorbia terracina,
453,Euphrasia,Euphrasia,
454,Euphrasia nemorosa,Euphrasia nemorosa,
455,Fagopyrum esculentum,Fagopyrum esculentum,
456,Fagopyrum tataricum,Fagopyrum tataricum,
457,Falcaria vulgaris,Falcaria vulgaris,
458,Fallopia convolvulus,Fallopia convolvulus,
459,Fallopia dumetorum,Fatsia japonica,
460,Fallopia dumetorum,Fallopia dumetorum,
461,Festuca,Festuca,
462,Festuca ovina,Festuca ovina,
463,Festuca rubra,Festuca rubra,
464,Ficaria verna,Ficaria verna,
465,Ficaria verna subsp. ficariiformis,Ficaria verna subsp. ficariiformis,
466,Filago,Filago,
467,Filago arvensis,Filago arvensis,
468,Filago eriocephala,Filago eriocephala,
469,Filago germanica,Filago germanica,
470,Filago minima,Filago minima,
471,Filago pyramidata,Filago pyramidata,
472,Filipendula ulmaria,Filipendula ulmaria,
473,Foeniculum vulgare,Foeniculum vulgare,
474,Fragaria vesca,Fragaria vesca,
475,Fraxinus angustifolia,Fraxinus angustifolia,
476,Fraxinus excelsior,Fraxinus excelsior,
477,Fumaria,Fumaria,
478,Fumaria agraria,Fumaria agraria,
479,Fumaria capreolata,Fumaria capreolata,
480,Fumaria officinalis,Fumaria officinalis,
481,Fumaria parviflora,Fumaria parviflora,
482,Fumaria schleicheri,Fumaria schleicheri,
483,Fumaria vaillantii,Fumaria vaillantii,
484,Gagea villosa,Gagea villosa,
485,Galactites tomentosus,Galactites tomentosa,
486,Galega officinalis,Galega officinalis,
487,Galeopsis,Galeopsis,
488,Galeopsis angustifolia,Galeopsis ladanum subsp. angustifolia,
489,Galeopsis bifida,Galeopsis bifida,
490,Galeopsis ladanum,Galeopsis ladanum,
491,Galeopsis pubescens,Galeopsis pubescens,
492,Galeopsis speciosa,Galeopsis speciosa,
493,Galeopsis tetrahit,Galeopsis tetrahit,
494,Galinsoga,Galinsoga,
495,Galinsoga parviflora,Galinsoga parviflora,
496,Galinsoga quadriradiata,Galinsoga quadriradiata,
497,Galium,Galium,
498,Galium album,Galium album,
499,Galium aparine,Galium aparine,
500,Galium mollugo,Galium mollugo,
501,Galium odoratum,Galium odoratum,
502,Galium palustre,Galium palustre,
503,Galium parisiense,Galium parisiense,
504,Galium rotundifolium,Galium rotundifolium,
505,Galium spurium,Galium spurium,
506,Galium tricornutum,Galium tricornutum,
507,Galium uliginosum,Galium uliginosum,
508,Galium verrucosum,Galium verrucosum,
509,Galium verum,Galium verum,
510,Genista scorpius,Genista scorpius,
511,Geranium,Geranium,
512,Geranium columbinum,Geranium columbinum,
513,Geranium dissectum,Geranium dissectum,
514,Geranium molle,Geranium molle,
515,Geranium pratense,Geranium pratense,
516,Geranium pusillum,Geranium pusillum,
517,Geranium robertianum,Geranium robertianum,
518,Geranium rotundifolium,Geranium rotundifolium,
519,Geum rivale,Geum rivale,
520,Geum urbanum,Geum urbanum,
521,Gladiolus illyricus,Gladiolus illyricus,
522,Gladiolus italicus,Gladiolus italicus,
523,Glaucium corniculatum,Glaucium corniculatum,
524,Glebionis coronaria,Glebionis coronaria,
525,Glebionis segetum,Glebionis segetum,
526,Glechoma hederacea,Glechoma hederacea,
527,Glyceria,Glyceria,
528,Glycine max,Glycine max,
529,Glycyrrhiza glabra,Glycyrrhiza glabra,
530,Gnaphalium,Gnaphalium,
531,Gnaphalium sylvaticum,Gnaphalium sylvaticum,
532,Gnaphalium uliginosum,Gnaphalium uliginosum,
533,Gypsophila muralis,Gypsophila muralis,
534,Gypsophila repens,Gypsophila repens,
535,Hedera helix,Hedera helix,
536,Hedypnois rhagadioloides,Hedypnois rhagadioloides,
537,Helianthemum apenninum,Helianthemum apenninum,
538,Helianthemum hirtum,Helianthemum hirtum,
539,Helianthus annuus,Helianthus annuus,
540,Helianthus annuus,Helianthus petiolaris var. canescens,
541,Helianthus tuberosus,Helianthus tuberosus,
542,Helichrysum arenarium,Helichrysum arenarium,
543,Helichrysum italicum,Helichrysum italicum,
544,Heliotropium europaeum,Heliotropium europaeum,
545,Helminthotheca echioides,Helminthotheca echioides,
546,Heracleum,Heracleum,
547,Heracleum sphondylium,Heracleum sphondylium,
548,Herniaria glabra,Herniaria glabra,
549,Herniaria hirsuta,Herniaria hirsuta,
550,Herniaria hirsuta subsp. cinerea,Herniaria hirsuta subsp. cinerea,
551,Herniaria lusitanica,Herniaria lusitanica,
552,Hibiscus trionum,Hibiscus trionum,
553,Hieracium,Hieracium,
554,Hieracium lachenalii,Hieracium lachenalii,
555,Hieracium umbellatum,Hieracium umbellatum,
556,Hirschfeldia incana,Hirschfeldia incana,
557,Holcus,Holcus,
558,Holcus lanatus,Holcus lanatus,
559,Holcus mollis,Holcus mollis,
560,Holosteum umbellatum,Holosteum umbellatum,
561,Hordeum,Hordeum,
562,Hordeum murinum,Hordeum murinum,
563,Hordeum murinum subsp. leporinum,Hordeum murinum subsp. leporinum,
564,Hordeum vulgare,Hordeum vulgare,
565,Hordeum vulgare subsp. distichon,Hordeum distichon,
566,Humulus lupulus,Humulus lupulus,
567,Hylotelephium telephium,Sedum telephium,
568,Hyoscyamus niger,Hyoscyamus niger,
569,Hypecoum,Hypecoum,
570,Hypecoum imberbe,Hypecoum imberbe,
571,Hypecoum pendulum,Hypecoum pendulum,
572,Hypecoum procumbens,Hypecoum procumbens,
573,Hypericum,Hypericum,
574,Hypericum humifusum,Hypericum humifusum,
575,Hypericum linarifolium,Hypericum linariifolium,
576,Hypericum maculatum,Hypericum maculatum,
577,Hypericum perforatum,Hypericum perforatum,
578,Hypericum triquetrifolium,Hypericum triquetrifolium,
579,Hypochaeris achyrophorus,Hypochaeris achyrophorus,
580,Hypochaeris glabra,Hypochaeris glabra,
581,Hypochaeris radicata,Hypochaeris radicata,
582,Iberis amara,Iberis amara,
583,Illecebrum verticillatum,Illecebrum verticillatum,
584,Impatiens glandulifera,Impatiens glandulifera,
585,Inula britannica,Inula britannica,
586,Isatis tinctoria,Isatis tinctoria,
587,Iva xanthiifolia,Iva xanthiifolia,
588,Jacobaea vulgaris,Jacobaea vulgaris,
589,Jasione montana,Jasione montana,
590,Juglans nigra,Juglans nigra,
591,Juglans regia,Juglans regia,
592,Juncus,Juncus,
593,Juncus bufonius,Juncus bufonius,
594,Kickxia,Kickxia,
595,Kickxia commutata,Kickxia commutata,
596,Kickxia elatine,Kickxia elatine,
597,Kickxia spuria,Kickxia spuria,
598,Knautia arvensis,Knautia arvensis,
599,Knautia integrifolia,Knautia integrifola,
600,Krubera peregrina,Krubera peregrina,
601,Lactuca,Lactuca,
602,Lactuca muralis,Lactuca muralis,
603,Lactuca perennis,Lactuca perennis,
604,Lactuca saligna,Lactuca saligna,
605,Lactuca serriola,Lactuca serriola,
606,Lagurus ovatus,Lagurus ovatus,
607,Lamium,Lamium,
608,Lamium album,Lamium album,
609,Lamium album subsp. album,Lamium album,
610,Lamium amplexicaule,Lamium amplexicaule,
611,Lamium maculatum,Lamium maculatum,
612,Lamium purpureum,Lamium purpureum,
613,Lamium purpureum var. hybridum,Lamium purpureum var. hybridum,
614,Lappula squarrosa,Lappula squarrosa,
615,Lapsana communis,Lapsana communis,
616,Larix decidua,Larix decidua,
617,Lathyrus,Lathyrus,
618,Lathyrus angulatus,Lathyrus angulatus,
619,Lathyrus annuus,Lathyrus annuus,
620,Lathyrus aphaca,Lathyrus aphaca,
621,Lathyrus cicera,Lathyrus cicera,
622,Lathyrus clymenum,Lathyrus clymenum,
623,Lathyrus nissolia,Lathyrus nissolia,
624,Lathyrus ochrus,Lathyrus ochrus,
625,Lathyrus odoratus,Lathyrus odoratus,
626,Lathyrus pratensis,Lathyrus pratensis,
627,Lathyrus sativus,Lathyrus sativus,
628,Lathyrus tuberosus,Lathyrus tuberosus,
629,Legousia,Legousia,
630,Legousia falcata,Legousia falcata,
631,Legousia hybrida,Legousia hybrida,
632,Legousia speculum-veneris,Legousia speculum-veneris,
633,Lens culinaris,Lens culinaris,
634,Leontodon,Leontodon,
635,Leontodon hirtus,Leontodon hirtus,
636,Leontodon saxatilis,Leontodon saxatilis,
637,Leopoldia comosa,Leopoldia comosa,
638,Lepidium,Lepidium,
639,Lepidium campestre,Lepidium campestre,
640,Lepidium coronopus,Lepidium coronopus,
641,Lepidium didymum,Lepidium didymum,
642,Lepidium draba,Lepidium draba,
643,Lepidium heterophyllum,Lepidium heterophyllum,
644,Lepidium ruderale,Lepidium ruderale,
645,Leucanthemum vulgare,Leucanthemum vulgare,
646,Linaria,Linaria,
647,Linaria arvensis,Linaria arvensis,
648,Linaria chalepensis,Linaria chalepensis,
649,Linaria hirta,Linaria hirta,
650,Linaria latifolia,Linaria latifolia,
651,Linaria micrantha,Linaria micrantha,
652,Linaria pelisseriana,Linaria pelisseriana,
653,Linaria purpurea,Linaria purpurea,
654,Linaria reflexa,Linaria reflexa,
655,Linaria repens,Linaria repens,
656,Linaria vulgaris,Linaria vulgaris,
657,Linum,Linum,
658,Linum strictum,Linum strictum,
659,Linum usitatissimum,Linum usitatissimum,
660,Lipandra polysperma,Chenopodium polyspermum,
661,Lolium,Lolium,
662,Lolium multiflorum,Lolium multiflorum,
663,Lolium perenne,Lolium perenne,
664,Lolium remotum,Lolium remotum,
665,Lolium rigidum,Lolium rigidum,
666,Lolium temulentum,Lolium temulentum,
667,Lotus,Lotus,
668,Lotus angustissimus,Lotus angustissimus,
669,Lotus corniculatus,Lotus corniculatus,
670,Lotus edulis,Lotus edulis,
671,Lotus ornithopodioides,Lotus ornithopodioides,
672,Lotus pedunculatus,Lotus pedunculatus,
673,Lupinus,Lupinus,
674,Lupinus angustifolius,Lupinus angustifolius,
675,Lupinus luteus,Lupinus luteus,
676,Lycopersicon esculentum,Lycopersicon esculentum,
677,Lycopsis arvensis,Anchusa arvensis,
678,Lycopus europaeus,Lycopus europaeus,
679,Lysimachia nummularia,Lysimachia nummularia,
680,Lysimachia punctata,Lysimachia punctata,
681,Lysimachia vulgaris,Lysimachia vulgaris,
682,Lythrum,Lythrum,
683,Lythrum acutangulum,Lythrum acutangulum,
684,Lythrum hyssopifolia,Lythrum hyssopifolia,
685,Lythrum salicaria,Lythrum salicaria,
686,Lythrum virgatum,Lythrum virgatum,
687,Malva,Malva,
688,Malva multiflora,Malva multiflora,
689,Malva neglecta,Malva neglecta,
690,Malva nicaeensis,Malva nicaeensis,
691,Malva parviflora,Malva parviflora,
692,Malva pusilla,Malva pusilla,
693,Malva sylvestris,Malva sylvestris,
694,Malva thuringiaca,Lavatera thuringiaca,
695,Marrubium,Marrubium,
696,Marrubium vulgare,Marrubium vulgare,
697,Matricaria,Matricaria,
698,Matricaria chamomilla,Matricaria chamomilla,
699,Matricaria discoidea,Matricaria discoidea,
700,Medicago,Medicago,
701,Medicago arabica,Medicago arabica,
702,Medicago disciformis,Medicago disciformis,
703,Medicago doliata,Medicago doliata,
704,Medicago falcata,Medicago falcata,
705,Medicago intertexta subsp. ciliaris,Medicago intertexta subsp. ciliaris,
706,Medicago lupulina,Medicago lupulina,
707,Medicago minima,Medicago minima,
708,Medicago monspeliaca,Medicago monspeliaca,
709,Medicago murex,Medicago murex,
710,Medicago orbicularis,Medicago orbicularis,
711,Medicago polyceratia,Medicago polyceratia,
712,Medicago polymorpha,Medicago polymorpha,
713,Medicago praecox,Medicago praecox,
714,Medicago rigidula,Medicago rigidula,
715,Medicago rugosa,Medicago rugosa,
716,Medicago sativa,Medicago sativa,
1079,Stachys arvensis,Stachys arvensis,
717,Medicago sativa nothosubsp. varia,Medicago sativa subsp. varia,
718,Medicago scutellata,Medicago scutellata,
719,Medicago truncatula,Medicago truncatula,
720,Medicago turbinata,Medicago turbinata,
721,Melampyrum,Melampyrum,
722,Melampyrum arvense,Melampyrum arvense,
723,Melilotus,Melilotus,
724,Melilotus albus,Melilotus albus,
725,Melilotus indicus,Melilotus indicus,
726,Melilotus officinalis,Melilotus officinalis,
727,Melilotus sulcatus,Melilotus sulcatus,
728,Mentha,Mentha,
729,Mentha arvensis,Mentha arvensis,
730,Mentha longifolia,Mentha longifolia,
731,Mentha pulegium,Mentha pulegium,
732,Mentha suaveolens,Mentha suaveolens,
733,Mercurialis,Mercurialis,
734,Mercurialis annua,Mercurialis annua,
735,Micromeria graeca,Micromeria graeca,
736,Microrrhinum minus,Chaenorhinum minus,
737,Mimulus moschatus,Mimulus moschatus,
738,Minuartia campestris,Minuartia campestris,
739,Minuartia hybrida,Minuartia hybrida,
740,Misopates orontium,Misopates orontium,
741,Montia fontana,Montia fontana,
742,Moribund dicot,Moribund dicot,
743,Moribund grass,Moribund grass,
744,Muscari,Muscari,
745,Muscari neglectum,Muscari neglectum,
746,Myagrum perfoliatum,Myagrum perfoliatum,
747,Myosotis,Myosotis,
748,Myosotis arvensis,Myosotis arvensis,
749,Myosotis minutiflora,Myosotis minutiflora,
750,Myosotis stricta,Myosotis stricta,
751,Myosoton aquaticum,Stellaria aquatica,
752,Myosurus minimus,Myosurus minimus,
753,Nepeta nepetella,Nepeta nepetella,
754,Neslia paniculata,Neslia paniculata,
755,Neslia paniculata subsp. thracica,Neslia paniculata subsp. thracica,
756,Nicandra physalodes,Nicandra physalodes,
757,Nigella arvensis,Nigella arvensis,
758,Nigella damascena,Nigella damascena,
759,Nigella hispanica,Nigella gallica,
760,Noccaea perfoliata,Thlaspi perfoliatum,
761,Nonea lutea,Nonea lutea,
762,Nonea pulla,Nonea pulla,
763,Ochlopoa annua,Poa annua,
764,Odontites,Odontites,
765,Odontites vernus,Odontites verna,
766,Odontites vernus,Odontites vernus subsp. salinus,
767,Odontites vulgaris,Odontites vulgaris,
768,Oenothera,Oenothera,
769,Olea europaea,Olea europaea,
770,Onobrychis alba,Onobrychis alba,
771,Onobrychis arenaria,Onobrychis arenaria,
772,Onobrychis viciifolia,Onobrychis viciifolia,
773,Ononis,Ononis,
774,Ononis reclinata,Ononis reclinata,
775,Ononis repens,Ononis repens,
776,Ononis spinosa,Ononis spinosa,
777,Onopordum acanthium,Onopordum acanthium,
778,Onopordum acaulon,Onopordum acaulon,
779,Onopordum corymbosum,Onopordum corymbosum,
780,Onopordum nervosum,Onopordum nervosum,
781,Orlaya daucoides,Orlaya kochii,
782,Orlaya grandiflora,Orlaya grandiflora,
783,Ornithogalum,Ornithogalum,
784,Ornithogalum pyramidale,Ornithogalum pyramidale,
785,Ornithogalum umbellatum,Ornithogalum umbellatum,
786,Ornithopus compressus,Ornithopus compressus,
787,Ornithopus perpusillus,Ornithopus perpusillus,
788,Orobanche,Orobanche,
789,Orobanche cernua,Orobanche cernua,
790,Orobanche crenata,Orobanche crenata,
791,Orobanche cumana,Orobanche cernua,
792,Oryza sativa,Oryza sativa,
793,Oxalis,Oxalis,
794,Oxalis acetosella,Oxalis acetosella,
795,Oxalis corniculata,Oxalis corniculata,
796,Oxalis dillenii,Oxalis dillenii,
797,Oxalis fontana,Oxalis stricta,
798,Oxalis pes-caprae,Oxalis pes-caprae,
799,Oxalis stricta,Oxalis stricta,
800,Oxybasis glauca,Chenopodium glaucum,
801,Oxybasis urbica,Chenopodium urbicum,
802,Pallenis spinosa,Pallenis spinosa,
803,Panicum,Panicum,
804,Panicum capillare,Panicum capillare,
805,Panicum dichotomiflorum,Panicum dichotomiflorum,
806,Panicum miliaceum,Panicum miliaceum,
807,Panicum miliaceum subsp. miliaceum,Panicum miliaceum,
808,Panicum miliaceum subsp. ruderale,Panicum virgatum,
809,Panicum miliaceum subsp. ruderale,Panicum miliaceum,
810,Papaver,Papaver,
811,Papaver apulum,Papaver apulum,
812,Papaver argemone,Papaver argemone,
813,Papaver dubium,Papaver dubium,
814,Papaver hybridum,Papaver hybridum,
815,Papaver rhoeas,Papaver rhoeas,
816,Papaver somniferum,Papaver somniferum,
817,Parentucellia viscosa,Parentucellia viscosa,
818,Paronychia,Paronychia,
819,Parthenocissus inserta,Parthenocissus inserta,
820,Paspalum,Paspalum,
821,Paspalum dilatatum,Paspalum dilatatum,
822,Paspalum distichum,Paspalum distichum,
823,Pastinaca sativa,Pastinaca sativa,
824,Persicaria,Persicaria,
825,Persicaria acuminata,Persicaria acuminata,
826,Persicaria amphibia,Persicaria amphibia,
827,Persicaria dubia,Persicaria mitis,
828,Persicaria hydropiper,Persicaria hydropiper,
829,Persicaria lapathifolia,Persicaria lapathifolia,
830,Persicaria maculosa,Persicaria maculosa,
831,Persicaria minor,Persicaria minor,
832,Petrorhagia prolifera,Petrorhagia prolifera,
833,Petrorhagia prolifera,Petroselinum segetum,
834,Peucedanum palustre,Peucedanum palustre,
835,Phacelia tanacetifolia,Phacelia tanacetifolia,
836,Phalaris,Phalaris,
837,Phalaris brachystachys,Phalaris brachystachys,
838,Phalaris canariensis,Phalaris canariensis,
839,Phalaris minor,Phalaris minor,
840,Phalaris paradoxa,Phalaris paradoxa,
841,Phalaroides arundinacea,Phalaris arundinacea,
842,Phleum ambiguum,Phleum hirsutum,
843,Phleum exaratum,Phleum exaratum,
844,Phleum pratense,Phleum pratense,
845,Phragmites australis,Phragmites australis,
846,Physalis peruviana,Physalis peruviana,
847,Physocarpus opulifolius,Physocarpus opulifolius,
848,Phytolacca americana,Phytolacca americana,
849,Picnomon acarna,Picnomon acarna,
850,Picris,Picris,
851,Picris hieracioides,Picris hieracioides,
852,Pilosella officinarum,Pilosella officinarum,
853,Pimpinella major,Pimpinella major,
854,Pimpinella saxifraga,Pimpinella saxifraga,
855,Pinus sylvestris,Pinus sylvestris,
856,Piptatherum,Piptatherum,
857,Pisum,Pisum,
858,Pisum sativum,Pisum sativum,
859,Plantago,Plantago,
860,Plantago afra,Plantago afra,
861,Plantago albicans,Plantago albicans,
862,Plantago altissima,Plantago altissima,
863,Plantago arenaria,Plantago indica,
864,Plantago bellardii,Plantago bellardii,
865,Plantago coronopus,Plantago coronopus,
866,Plantago lagopus,Plantago lagopus,
867,Plantago lanceolata,Plantago lanceolata,
868,Plantago major,Plantago major,
869,Plantago major subsp. intermedia,Plantago uliginosa,
870,Plantago major subsp. intermedia,Plantago major subsp. intermedia,
871,Plantago media,Plantago media,
872,Plantago pauciflora,Plantago barbata subsp. monanthos,
873,Poa,Poa,
874,Poa angustifolia,Poa angustifolia,
875,Poa bulbosa,Poa bulbosa,
876,Poa compressa,Poa compressa,
877,Poa nemoralis,Poa nemoralis,
878,Poa palustris,Poa palustris,
879,Poa pratensis,Poa pratensis,
880,Poa trivialis,Poa trivialis,
881,Poa trivialis subsp. trivialis,Poa trivialis,
882,Podospermum,Podospermum,
883,Podospermum laciniatum,Podospermum laciniatum,
884,Polycarpon tetraphyllum,Polycarpon tetraphyllum,
885,Polygala monspeliaca,Polygala monspeliaca,
886,Polygonum,Polygonum,
887,Polygonum aviculare,Polygonum aviculare,
888,Polygonum bellardii,Polygonum bellardii,
889,Polypogon monspeliensis,Polypogon monspeliensis,
890,Populus tremula,Populus tremula,
891,Portulaca oleracea,Portulaca oleracea,
892,Potentilla,Potentilla,
893,Potentilla argentea,Potentilla argentea,
894,Potentilla crantzii,Potentilla crantzii,
895,Potentilla indica,Duchesnea indica,
896,Potentilla micrantha,Potentilla micrantha,
897,Potentilla norvegica,Potentilla norvegica,
898,Potentilla reptans,Potentilla reptans,
899,Potentilla supina,Potentilla supina,
900,Primula veris,Primula veris,
901,Prunella vulgaris,Prunella vulgaris,
902,Prunus,Prunus,
903,Pteridium aquilinum,Pteridium aquilinum,
904,Pulicaria arabica subsp. hispanica,Pulicaria arabica subsp. hispanica,
905,Pulicaria vulgaris,Pulicaria vulgaris,
906,Quercus,Quercus,
907,Quercus robur,Quercus robur,
908,Ranunculus,Ranunculus,
909,Ranunculus acris,Ranunculus acris,
910,Ranunculus arvensis,Ranunculus arvensis,
911,Ranunculus bulbosus,Ranunculus bulbosus,
912,Ranunculus muricatus,Ranunculus muricatus,
913,Ranunculus parviflorus,Ranunculus parviflorus,
914,Ranunculus repens,Ranunculus repens,
915,Ranunculus sardous,Ranunculus sardous,
916,Ranunculus sceleratus,Ranunculus sceleratus,
917,Raphanus,Raphanus,
918,Raphanus raphanistrum,Raphanus raphanistrum,
919,Raphanus sativus,Raphanus raphanistrum subsp. sativus,
920,Rapistrum perenne,Rapistrum perenne,
921,Rapistrum rugosum,Rapistrum rugosum,
922,Reichardia picroides,Reichardia picroides,
923,Reseda,Reseda,
924,Reseda alba,Reseda alba,
925,Reseda lanceolata,Reseda lanceolata,
926,Reseda lutea,Reseda lutea,
927,Reseda luteola,Reseda luteola,
928,Reseda phyteuma,Reseda phyteuma,
929,Reseda undata,Reseda undata,
930,Retama sphaerocarpa,Retama sphaerocarpa,
931,Reynoutria japonica,Reynoutria japonica,
932,Rhagadiolus stellatus,Rhagadiolus stellatus,
933,Rhinanthus,Rhinanthus,
934,Rhinanthus alectorolophus,Rhinanthus alectorolophus,
935,Rhinanthus minor,Rhinanthus minor,
936,Ridolfia segetum,Ridolfia segetum,
937,Robinia pseudoacacia,Robinia pseudoacacia,
938,Roemeria hybrida,Roemeria hybrida,
939,Rorippa,Rorippa,
940,Rorippa amphibia,Rorippa amphibia,
941,Rorippa austriaca,Rorippa austriaca,
942,Rorippa islandica,Rorippa islandica,
943,Rorippa palustris,Rorippa palustris,
944,Rorippa sylvestris,Rorippa sylvestris,
945,Rosa,Rosa,
946,Rostraria cristata,Rostraria cristata,
947,Rubus,Rubus,
948,Rubus arcticus,Rubus arcticus,
949,Rubus caesius,Rubus caesius,
950,Rubus ulmifolius,Rubus ulmifolius,
951,Rubus vestitus,Rubus vestitus,
952,Rumex,Rumex,
953,Rumex acetosa,Rumex acetosa,
954,Rumex acetosella,Rumex acetosella,
955,Rumex acetosella subsp. acetosella,Rumex acetosella,
956,Rumex bucephalophorus,Rumex bucephalophorus,
957,Rumex confertus,Rumex confertus,
958,Rumex conglomeratus,Rumex conglomeratus,
959,Rumex crispus,Rumex crispus,
960,Rumex obtusifolius,Rumex obtusifolius,
961,Rumex palustris,Rumex palustris,
962,Rumex pulcher,Rumex pulcher,
963,Rumex sanguineus,Rumex sanguineus,
964,Rumex stenophyllus,Rumex stenophyllus,
965,Rumex thyrsiflorus,Rumex thyrsiflorus,
966,Ruta chalepensis,Ruta chalepensis,
967,Ruta graveolens,Ruta graveolens,
968,Sagina apetala,Sagina apetala,
969,Sagina procumbens,Sagina procumbens,
970,Salix,Salix,
971,Salsola kali,Salsola kali,
972,Salvia,Salvia,
973,Salvia pratensis,Salvia pratensis,
974,Salvia sclarea,Salvia sclarea,
975,Salvia verbenaca,Salvia verbenaca,
976,Salvia viridis,Salvia viridis,
977,Sambucus ebulus,Sambucus ebulus,
978,Sambucus nigra,Sambucus nigra,
979,Sanguisorba,Sanguisorba,
980,Sanguisorba minor,Sanguisorba minor,
981,Santolina chamaecyparissus,Santolina chamaecyparissus,
982,Saxifraga tridactylites,Saxifraga tridactylites,
983,Scabiosa,Scabiosa,
984,Scandix pecten-veneris,Scandix pecten-veneris,
985,Schedonorus arundinaceus,Festuca arundinacea,
986,Schedonorus pratensis,Festuca pratensis,
987,Scleranthus annuus,Scleranthus annuus,
988,Scleranthus perennis,Scleranthus perennis,
989,Sclerochloa dura,Sclerochloa dura,
990,Scolymus,Scolymus,
991,Scolymus hispanicus,Scolymus hispanicus,
992,Scolymus maculatus,Scolymus maculatus,
993,Scorpiurus muricatus,Scorpiurus muricatus,
994,Scorpiurus vermiculatus,Scorpiurus vermiculatus,
995,Scorzonera hirsuta,Lasiospora hirsuta,
996,Scorzoneroides autumnalis,Scorzoneroides autumnalis,
997,Scrophularia nodosa,Scrophularia nodosa,
998,Scutellaria galericulata,Scutellaria galericulata,
999,Secale cereale,Secale cereale,
1000,Securigera varia,Securigera varia,
1001,Sedum acre,Sedum acre,
1002,Sedum album,Sedum album,
1003,Sedum maximum,Sedum maximum,
1004,Senecio,Senecio,
1005,Senecio inaequidens,Senecio inaequidens,
1006,Senecio leucanthemifolius,Senecio leucanthemifolius,
1007,Senecio leucanthemifolius subsp. vernalis,Senecio leucanthemifolius subsp. vernalis,
1008,Senecio viscosus,Senecio viscosus,
1009,Senecio vulgaris,Senecio vulgaris,
1010,Serapias lingua,Serapias lingua,
1011,Setaria,Setaria,
1012,Setaria faberi,Setaria faberi,
1013,Setaria glauca,Pennisetum glaucum,
1014,Setaria italica,Setaria italica,
1015,Setaria pumila,Setaria pumila,
1016,Setaria verticillata,Setaria verticillata,
1017,Setaria viridis,Setaria viridis,
1018,Setaria viridis subsp. viridis,Setaria viridis,
1019,Sherardia arvensis,Sherardia arvensis,
1020,Sicyos,Sicyos,
1021,Sicyos angulatus,Sicyos angulatus,
1022,Sideritis romana,Sideritis romana,
1023,Silene,Silene,
1024,Silene conica,Silene conica,
1025,Silene conoidea,Silene conoidea,
1026,Silene dichotoma,Silene dichotoma,
1027,Silene dioica,Silene dioica,
1028,Silene flos-cuculi,Silene flos-cuculi,
1029,Silene gallica,Silene gallica,
1030,Silene italica,Silene italica,
1031,Silene latifolia,Silene latifolia subsp. alba,
1032,Silene latifolia,Silene latifolia subsp. Alba,
1033,Silene latifolia,Silene latifolia,
1034,Silene muscipula,Silene muscipula,
1035,Silene niceensis,Silene nicaeensis,
1036,Silene noctiflora,Silene noctiflora,
1037,Silene nocturna,Silene nocturna,
1038,Silene stricta,Silene stricta,
1039,Silene vulgaris,Silene vulgaris,
1040,Silphium perfoliatum,Silphium perfoliatum,
1041,Silybum,Silybum,
1042,Silybum marianum,Silybum marianum,
1043,Sinapis,Sinapis,
1044,Sinapis alba,Sinapis alba,
1045,Sinapis arvensis,Sinapis arvensis,
1046,Sisymbrium,Sisymbrium,
1047,Sisymbrium altissimum,Sisymbrium altissimum,
1048,Sisymbrium austriacum,Sisymbrium austriacum,
1049,Sisymbrium irio,Sisymbrium irio,
1050,Sisymbrium loeselii,Sisymbrium loeselii,
1051,Sisymbrium officinale,Sisymbrium officinale,
1052,Sisymbrium orientale,Sisymbrium orientale,
1053,Sisymbrium runcinatum,Sisymbrium runcinatum,
1054,Sixalix atropurpurea subsp. maritima,Scabiosa atropurpurea,
1055,Solanum,Solanum,
1056,Solanum dulcamara,Solanum dulcamara,
1057,Solanum dulcamara,Solanum lycopersicum,
1058,Solanum nigrum,Solanum americanum,
1059,Solanum physalifolium,Solanum physalifolium,
1060,Solanum tuberosum,Solanum tuberosum,
1061,Solidago,Solidago,
1062,Solidago canadensis,Solidago canadensis,
1063,Solidago gigantea,Solidago gigantea,
1064,Solidago virgaurea,Solidago virgaurea,
1065,Sonchus,Sonchus,
1066,Sonchus arvensis,Sonchus arvensis,
1067,Sonchus asper,Sonchus asper,
1068,Sonchus oleraceus,Sonchus oleraceus,
1069,Sonchus tenerrimus,Sonchus tenerrimus,
1070,Sorbus aucuparia,Sorbus aucuparia,
1071,Sorghum bicolor,Sorghum bicolor,
1072,Sorghum halepense,Sorghum halepense,
1073,Spergula arvensis,Spergula arvensis,
1074,Spergularia,Spergularia,
1075,Spergularia media,Spergularia media,
1076,Spergularia rubra,Spergularia rubra,
1077,Stachys,Stachys,
1078,Stachys annua,Stachys annua,
1080,Stachys palustris,Stachys palustris,
1081,Stachys sylvatica,Stachys sylvatica,
1082,Stellaria graminea,Stellaria graminea,
1083,Stellaria holostea,Stellaria holostea,
1084,Stellaria media,Stellaria media,
1085,Stipa capensis,Stipa capensis,
1086,Strigosella africana,Malcolmia africana,
1087,Succowia balearica,Succowia balearica,
1088,Symphytum,Symphytum,
1089,Symphytum officinale,Symphytum officinale,
1090,Taeniatherum caput-medusae,Taeniatherum caput-medusae,
1091,Tanacetum vulgare,Tanacetum vulgare,
1092,Taraxacum,Taraxacum,
1093,Taraxacum campylodes,Taraxacum campylodes,
1094,Teesdalia nudicaulis,Teesdalia nudicaulis,
1095,Teloxys aristata,Dysphania aristata,
1096,Teucrium,Teucrium,
1097,Teucrium chamaedrys,Teucrium chamaedrys,
1098,Teucrium polium,Teucrium polium,
1099,Thalictrum minus,Thalictrum minus,
1100,Thesium dollineri,Thesium dollineri,
1101,Thesium humile,Thesium humile,
1102,Thlaspi,Thlaspi,
1103,Thlaspi arvense,Thlaspi arvense,
1104,Thymbra capitata,Thymbra capitata,
1105,Thymelaea passerina,Thymelaea passerina,
1106,Thymelaea sanamunda,Thymelaea sanamunda,
1107,Thymus,Thymus,
1108,Thymus spinulosus,Thymus spinulosus,
1109,Thymus striatus,Thymus striatus,
1110,Thymus vulgaris,Thymus vulgaris,
1111,Tilia,Tilia,
1112,Tilia platyphyllos,Tilia platyphyllos,
1113,Tordylium apulum,Tordylium apulum,
1114,Tordylium maximum,Tordylium maximum,
1115,Tordylium officinale,Tordylium officinale,
1116,Torilis,Torilis,
1117,Torilis arvensis,Torilis arvensis,
1118,Torilis japonica,Torilis japonica,
1119,Torilis leptophylla,Torilis leptophylla,
1120,Torilis nodosa,Torilis nodosa,
1121,Tragopogon,Tragopogon,
1122,Tragopogon crocifolius,Tragopogon crocifolius,
1123,Tragopogon dubius,Tragopogon dubius,
1124,Tragopogon orientalis,Tragopogon orientalis,
1125,Tragopogon porrifolius,Tragopogon porrifolius,
1126,Tragopogon pratensis,Tragopogon pratensis,
1127,Tragopogon pratensis subsp. minor,Tragopogon pratensis subsp. minor,
1128,Tragus racemosus,Tragus racemosus,
1129,Tribulus terrestris,Tribulus terrestris,
1130,Trifolium,Trifolium,
1131,Trifolium alexandrinum,Trifolium alexandrinum,
1132,Trifolium alpestre,Trifolium alpestre,
1133,Trifolium angustifolium,Trifolium angustifolium,
1134,Trifolium arvense,Trifolium arvense,
1135,Trifolium campestre,Trifolium campestre,
1136,Trifolium cherleri,Trifolium cherleri,
1137,Trifolium dubium,Trifolium dubium,
1138,Trifolium fragiferum,Trifolium fragiferum,
1139,Trifolium glomeratum,Trifolium glomeratum,
1140,Trifolium hybridum,Trifolium hybridum,
1141,Trifolium incarnatum,Trifolium incarnatum,
1142,Trifolium medium,Trifolium medium,
1143,Trifolium nigrescens,Trifolium nigrescens,
1144,Trifolium pallidum,Trifolium pallidum,
1145,Trifolium pratense,Trifolium pratense,
1146,Trifolium repens,Trifolium repens,
1147,Trifolium resupinatum,Trifolium resupinatum,
1148,Trifolium scabrum,Trifolium scabrum,
1149,Trifolium squamosum,Trifolium squamosum,
1150,Trifolium squarrosum,Trifolium squarrosum,
1151,Trifolium stellatum,Trifolium stellatum,
1152,Trifolium striatum,Trifolium striatum,
1153,Trifolium strictum,Trifolium strictum,
1154,Trigonella corniculata,Trigonella corniculata,
1155,Trigonotis,Trigonotis,
1156,Trigonotis peduncularis,Trigonotis peduncularis,
1157,Tripleurospermum,Tripleurospermum,
1158,Tripleurospermum inodorum,Tripleurospermum inodorum,
1159,Tripleurospermum maritimum,Tripleurospermum maritimum,
1160,Trisetaria aurea,Trisetaria aurea,
1161,Trisetaria panicea,Trisetaria panicea,
1162,Trisetum flavescens,Trisetum flavescens,
1163,Triticosecale,Triticosecale rimpaui,
1164,Triticosecale,Triticosecale,
1165,Triticum,Triticum,
1166,Triticum aestivum,Triticum aestivum,
1167,Triticum aestivum subsp. spelta,Triticum spelta,
1168,Triticum turgidum subsp. durum,Triticum durum,
1169,Turgenia latifolia,Turgenia latifolia,
1170,Tussilago farfara,Tussilago farfara,
1171,Unknown,Phytolacca dodecandra,
1172,Unknown,Acalypha ostryifolia,
1173,Unknown,Unknown,
1174,Unknown,Rorippa armoracioides,
1175,Unknown,Hymenocarpos circinnata subsp. nummularius,
1176,Unknown,Onopordon,
1177,Unknown,Rubus idenus,
1178,Unknown,Fagopyrum esculentum,
1179,Unknown,Populus canescens,
1180,Unknown dicot,Unknown dicot,
1181,unknown monocot,unknown monocot,
1182,Urospermum picroides,Urospermum picroides,
1183,Urtica,Urtica,
1184,Urtica dioica,Urtica dioica,
1185,Urtica urens,Urtica urens,
1186,Vaccaria hispanica,Vaccaria hispanica,
1187,Valeriana excelsa subsp. sambucifolia,Valeriana sambucifolia,
1188,Valerianella,Valerianella,
1189,Valerianella coronata,Valerianella pumila,
1190,Valerianella dentata,Valerianella dentata,
1191,Valerianella discoidea,Valerianella discoidea,
1192,Valerianella eriocarpa,Valerianella muricata,
1193,Valerianella eriocarpa,Valerianella eriocarpa,
1194,Valerianella locusta,Valerianella locusta,
1195,Valerianella multidentata,Valerianella discoidea,
1196,Valerianella rimosa,Valerianella rimosa,
1197,Verbascum,Verbascum,
1198,Verbascum blattaria,Verbascum blattaria,
1199,Verbascum densiflorum,Verbascum densiflorum,
1200,Verbascum nigrum,Verbascum nigrum,
1201,Verbascum pulverulentum,Verbascum pulverulentum,
1202,Verbascum sinuatum,Verbascum sinuatum,
1203,Verbascum thapsus,Verbascum thapsus,
1204,Verbena officinalis,Verbena officinalis,
1205,Verbena supina,Verbena supina,
1206,Veronica,Veronica,
1207,Veronica agrestis,Veronica agrestis,
1208,Veronica anagallis-aquatica,Veronica anagallis-aquatica,
1209,Veronica arvensis,Veronica arvensis,
1210,Veronica chamaedrys,Veronica chamaedrys,
1211,Veronica filiformis,Veronica filiformis,
1212,Veronica hederifolia,Veronica hederifolia,
1213,Veronica opaca,Veronica opaca,
1214,Veronica persica,Veronica persica,
1215,Veronica polita,Veronica polita,
1216,Veronica praecox,Veronica praecox,
1217,Veronica prostrata,Veronica prostrata,
1218,Veronica serpyllifolia,Veronica serpyllifolia,
1219,Veronica spicata,Veronica spicata,
1220,Veronica triphyllos,Veronica triphyllos,
1221,Vicia,Vicia,
1222,Vicia benghalensis,Vicia benghalensis,
1223,Vicia bithynica,Vicia bithynica,
1224,Vicia cracca,Vicia cracca,
1225,Vicia disperma,Vicia disperma,
1226,Vicia faba,Vicia faba,
1227,Vicia grandiflora,Vicia grandiflora,
1228,Vicia hirsuta,Vicia hirsuta,
1229,Vicia hybrida,Vicia hybrida,
1230,Vicia lathyroides,Vicia lathyroides,
1231,Vicia lutea,Vicia lutea,
1232,Vicia narbonensis,Vicia narbonensis,
1233,Vicia peregrina,Vicia peregrina,
1234,Vicia pisiformis,Vicia pisiformis,
1235,Vicia sativa,Vicia sativa,
1236,Vicia sativa subsp. nigra,Vicia sativa subsp. nigra,
1237,Vicia sepium,Vicia sepium,
1238,Vicia tenuifolia,Vicia tenuifolia,
1239,Vicia tetrasperma,Vicia tetrasperma,
1240,Vicia villosa,Vicia villosa,
1241,Vicia villosa subsp. ambigua,Vicia villosa subsp. ambigua,
1242,Vincetoxicum hirundinaria,Vincetoxicum hirundinaria,
1243,Viola,Viola,
1244,Viola alba,Viola alba,
1245,Viola arvensis,Viola arvensis,
1246,Viola tricolor,Viola tricolor,
1247,Vitis vinifera,Vitis vinifera,
1248,Vulpia,Vulpia,
1249,Vulpia ciliata,Vulpia ciliata,
1250,Vulpia geniculata,Vulpia geniculata,
1251,Vulpia ligustica,Vulpia ligustica,
1252,Vulpia myuros,Vulpia myuros,
1253,Vulpia unilateralis,Vulpia unilateralis,
1254,Xanthium,Xanthium,
1255,Xanthium orientale subsp. italicum,Xanthium orientale subsp. italicum,
1256,Xanthium orientale subsp. italicum,Xanthium cavanillesii,
1257,Xanthium spinosum,Xanthium spinosum,
1258,Xanthium strumarium,Xanthium strumarium,
1259,Zea mays,Zea mays,
1260,Geranium palustre,Geranium palustre,
1261,Campanula rotundifolia,Campanula rotundifolia,
1262,Galega orientalis,Galega orientalis,
1263,Scirpus sylvaticus,Scirpus sylvaticus,
